track_id,has_scene,road_file_count,road_point_count_total,checkpoint_count_total,heightmap_count,object_count,fluid_count,base_track,sky_material,road_materials,pipe_materials,wall_materials,has_pipe_signals,has_stunt_signals,complexity_score,category_guess,has_gallery_preview,has_preview_view,has_preview_road,has_preview_terrain,has_road_density_png,terrain_surfaces,ini_num,ini_scenery,ini_objects,ini_obstacles,ini_fluids,ini_bumps,ini_jumps,ini_loops,ini_pipes,ini_banked,ini_frenzy,ini_underwater,ini_narrow,ini_longn,ini_diff,ini_rating,ini_time,ini_author,ini_created_ver
Aln1-AlienBase,1,1,137,35,2,56,5,TestC4-ow,sky/space_nebula_04_aln,roadAlienD;roadAlien;roadAlienStone,pipeGlassAlienGreen;pipeGlassAlienLime;wallP_metal_03_green,road_wall_Alien;wallP_metal_03_green,1,1,84.8,sci-fi,1,1,1,1,1,DesertFast;DesertBumpy;Rocks;GrassJungle;Default;roadForest;roadJungle,168,Alien,0,2,3,3,1,0,1,2,2,0,1,6,4,5,226.0,CH,2.5
Aln2-Freefall,1,1,173,48,3,87,2,test-new,sky/space_nebula_04_aln,roadAlienD;roadAlien;roadAlienStone,pipeGlassAlienGreen;pipeGlassAlienBlue;pipeGlassAlienLime;pipeGlassAlien;pipe_wall_Alien,road_wall_Alien;pipe_wall_Alien,1,1,88.1,sci-fi,1,1,1,1,1,DesertBumpy;DesertFast;Rocks;Default;roadSnow;roadJungle,171,Alien,2,3,1,2,2,1,3,3,3,0,2,6,6,4,246.0,"rubberduck,CryHam",2.5
Aln3-MushroomBeach,1,1,168,38,2,2,1,Grc8-SlopeCity,sky/space_nebula_04_aln,roadSandShore;roadAlien;roadSandMagic,pipeGlassAlienLime;pipe_wall_Orange,road_wall_Red;pipe_wall_Orange,1,1,70.9,sci-fi,1,1,1,1,1,DesertFast;Rocks;Default;roadGravel;roadJungle,198,Alien,0,0,1,1,0,3,2,4,2,0,1,4,5,4,165.0,"EP,CryHam,rubberduck",2.7
Aln4-EjeloOutpost,1,1,218,35,2,11,2,Mos2-Mouse,sky/cloudy_02_toxic,roadAlien;roadSandMagic;roadAlienStone;roadMud,pipeGlassYellow;pipeGlassCrystal;pipeGlassAlienLime;pipeMetalBlue;pipe_wall_JDark,road_wall_JDark;pipe_wall_JDark,1,1,76.5,sci-fi,1,1,1,1,1,DesertFast;DesertBumpy;Rocks;Default;roadJungle;roadGravel;roadForest,211,Alien,0,0,1,0,1,0,1,1,3,0,1,8,3,3,298.0,"EP,rubberduck,CryHam",2.7
Aln5-WhiteLemon,1,1,161,31,2,0,1,W14-DangerRoad,sky/overcast_02_green,roadSnow;roadSnowGrn;roadIce;roadAsphalt,pipeGlass;pipeGlassCyan,road_wall_Winter,1,1,68.3,sci-fi,1,1,1,1,1,SnowDeep;DesertFast;DesertBumpy;Rocks;Default;roadSnow;roadForestWet;roadSnowIce;AsphaltWet,212,Alien,0,0,0,1,1,1,1,4,2,0,1,4,4,4,153.0,"EP,rubberduck",2.7
Aln6-Overgrowth,1,2,91,20,2,59,3,,sky/space_nebula_01_blue,roadAlien;roadAlienTransp;roadInvisibleJungle;roadInvisibleSnow;River_Oil,pipeGlassAlienBlue;pipeMetalBlue;pipeGlassAlienLime;pipeGlass,,1,1,65.7,sci-fi,1,1,1,1,1,DesertFast;DesertBumpy;Rocks;Default;roadDesert;roadJungle;roadSnow,224,Alien,1,0,1,1,0,0,1,1,3,0,3,1,3,3,121.0,rubberduck,2.8
Ano0-AnomalyFun,1,2,68,17,1,63,9,,sky/anomaly_03,River_anomaly_blue;roadMossAnomaly2;roadMetal2Anomaly;wallP_mining_truck_anomaly;River_Anomaly_jelly_2;wallP_space_x_anomaly;wall_mining_truck_anomaly,pipeGlassAnomaly1Orange;pipeGlassAnomaly3Cyan;River_anomaly_blue;roadAsphaltAnomalyStreaks;pipe_wall_metal_02_anomaly;pipeGlassAnomalySpace;pipeGlassAnomalySpaceDark;pipeAsphaltAnomalySpaceStreaks;pipeAsphaltAnomalyStreaks;wallP_mining_truck_anomaly,wall_mining_truck_anomaly;pipe_wall_metal_02_anomaly;pipe_wall_wheel_anomaly;wallP_mining_truck_anomaly,1,1,69.4,stunt,1,1,1,1,1,GrassJungle;Rocks;Metal;SnowDeep;Default;roadDesert;Asphalt,94,Anomaly,2,3,1,2,1,1,1,1,2,0,2,2,4,5,71.0,"rubberduck,CryHam",2.8
Ano0-AnomalyFun2,1,2,68,17,2,94,9,,sky/anomaly_03,River_anomaly_blue;roadMossAnomaly2;roadMetal2Anomaly;wallP_mining_truck_anomaly;River_Anomaly_jelly_2;wallP_space_x_anomaly;wall_mining_truck_anomaly,pipeGlassAnomaly1Orange;pipeGlassAnomaly3Cyan;River_anomaly_blue;roadAsphaltAnomalyStreaks;pipe_wall_metal_02_anomaly;pipeGlassAnomalySpace;pipeGlassAnomalySpaceDark;pipeAsphaltAnomalySpaceStreaks;pipeAsphaltAnomalyStreaks;wallP_mining_truck_anomaly,wall_mining_truck_anomaly;pipe_wall_metal_02_anomaly;pipe_wall_wheel_anomaly;wallP_mining_truck_anomaly,1,1,76.0,stunt,1,1,1,1,1,GrassJungle;Rocks;Metal;SnowDeep;Default;roadDesert;Asphalt,94,Anomaly,2,3,1,2,1,1,1,1,2,0,2,2,4,4,71.0,"rubberduck,CryHam",2.8
Ano1-Glitchy,1,6,133,23,2,199,2,Mos3-Air,sky/anomaly_04,roadInvisibleForest;roadSavannahAnomaly;roadDesertAnomaly;roadMossAnomaly2;roadInvisibleSnow;roadDesertBlackTransp;roadSandMarblePinkTransp;roadDesertBlack;River_Anomaly_jelly_3;roadNgravel,roadInvisibleSnow;roadAlienTransp;pipeGlass;pipeGlassCrystal;wallP_metal_08_hex;pipeGlassAnomaly3Green;pipe_wall_metal_01_anomaly;pipeGlassAnomaly3;River_Anomaly_jelly_2;pipeGlassAnomaly2Yellow;pipeGlassAnomalySpace,River_Grease_jelly;wallP_metal_08_hex;wallP_mining_truck_anomaly;pipe_wall_metal_01_anomaly;wallP_space_x_anomaly;River_Anomaly_jelly_2;pipeGlassYellow;pipeGlassAnomalySpace,1,1,74.0,stunt,1,1,1,1,1,Rocks;DesertBumpy;SnowDeep;GrassForest;Default;roadDesert;roadGravel;roadJungle,225,Anomaly,2,3,3,2,1,0,1,4,2,0,3,4,4,5,233.0,rubberduck,2.8
Ano2-Bug,1,1,186,44,3,96,2,Grc7-Spider,sky/anomaly_01,roadSavannahAnomaly;roadDesertAnomaly;roadAsphaltAnomalyStreaks;pipeAsphaltAnomaly,pipeGlassAnomaly2;pipeAsphaltAnomalyStreaks;pipeAsphaltAnomaly;pipeGlassAnomaly1Violet;wallP_mining_truck_anomaly,wall_lava_anomaly;wallP_mining_truck_anomaly,1,1,78.4,stunt,1,1,1,1,1,Rocks;DesertBumpy;Default;roadGravel;roadSnowIce;roadDesert;SnowDeep;GrassJungle,238,Anomaly,2,4,2,1,2,0,3,5,3,0,2,8,5,5,426.0,rubberduck,2.8
Ano3-Oversize,1,1,255,53,2,146,5,,sky/anomaly_02,roadAsphaltAnomalySpace;roadAsphaltAnomalySpaceStreaks;wall_space_gray_anomaly;roadMetal2Anomaly,pipeAsphaltAnomalySpace;pipeAsphaltAnomalySpaceStreaks;pipeGlassAnomaly1Blue;pipeGlassAnomalySpaceDark;pipe_wall_metal_01_anomaly,road_wall_metal_02_anomaly;pipe_wall_metal_01_anomaly,1,1,89.0,stunt,1,1,1,1,1,Metal;SnowMedium;Default;roadDesert;roadForestWet;roadSnow,239,Anomaly,3,3,3,1,2,1,3,5,2,0,2,25,4,4,645.0,"rubberduck,CryHam",2.8
Apo1-TarFields,1,1,841,198,3,243,1,W13-MtFog,sky/cloudy_02_toxic,roadMudOil;roadSandToxic;roadJDark;roadSandWhite,pipeGlassWhiteB;pipeGlassYellow;wallP_metal_05_bars;pipe_wall_Black;wallP_metal_03_green,wall_metal_213_rust;wallP_metal_03_green,1,1,168.0,stunt,1,1,1,1,1,GrassJungleWet;DesertMud;Rocks;Default;roadJungle;roadGravel;roadDesert,241,PostApo,3,2,4,2,4,4,3,4,5,0,2,19,7,6,986.0,rubberduck,2.8
Apo2-Toxicity,1,1,248,43,2,140,4,Apo1-TarFields,sky/cloudy_05_grey,roadMudOil;roadNdirtWet;roadJDarkWet;roadSandToxic,wallP_metal_213_rust;wallP_metal_07_worn;wallP_metal_05_bars;pipe_wall_Black;wallP_metal_03_green,wall_metal_213_rust;wallP_metal_03_green,1,1,87.2,stunt,1,1,1,1,1,GrassJungleWet;DesertMud;Rocks;Default;roadJungle;roadGravel,244,PostApo,3,1,2,2,1,0,1,2,2,0,2,3,3,3,141.0,CH,3.3
Atm1-Autumn,1,1,49,16,2,2,1,,sky/day_clouds_08,roadJungle;roadNdirt,pipeAsphalt,,0,1,29.5,stunt,1,1,1,1,1,GrassForest;Rocks;Default;roadGravel,104,Autumn,0,0,0,0,0,0,0,2,1,0,1,2,2,3,69.0,CH,1.9
Atm10-LakeCity,1,1,128,31,3,103,8,Atm6-Sunset,sky/evening_01_orange,roadStone;roadMud;roadAsphalt,pipeAsphalt;pipeGlassOrange,,1,1,88.6,stunt,1,1,1,1,1,GrassForest;Rocks;Default;roadForest;Asphalt,218,Autumn,0,0,2,1,2,0,1,1,2,0,2,4,2,4,154.0,EP,2.8
Atm2-RedOakPark,1,1,39,15,2,3,0,,sky/day_clear_01,roadSandShore;roadMud,pipeAsphalt,,0,1,25.7,stunt,1,1,1,1,1,Default;GrassForest;Rocks;roadGravel,105,Autumn,0,0,0,0,0,0,0,2,2,0,1,1,2,3,47.5,CH,1.9
Atm3-Orange,1,1,52,17,2,4,0,W14-DangerRoad,sky/overcast_01_grey,roadSavannahWet;roadJungleWet;roadMudWet,pipeAsphalt,,0,1,32.1,stunt,1,1,1,1,1,GrassForest;Rocks;Default;roadForestWet;roadSnowIce;AsphaltWet,106,Autumn,0,0,0,0,0,0,0,4,2,0,1,2,3,5,56.9,CH,1.9
Atm4-Scary,1,1,67,24,2,12,2,,sky/cloudy_03_dark2,roadMudWet;roadJungleWet,pipeAsphalt,,0,1,36.6,stunt,1,1,1,1,1,GrassForestWet;Rocks;Default;roadJungleWet,109,AutumnDark,1,0,0,0,0,0,0,2,1,0,1,3,2,4,98.6,CH,1.9
Atm5-Twister,1,1,30,21,2,2,0,,sky/dusk_stormy_02_grey,roadMud;roadAsphalt,pipeAsphalt,,0,1,26.8,stunt,1,1,1,1,1,GrassForestWet;Rocks;Default;roadForest,110,AutumnDark,0,0,0,0,1,0,0,3,2,0,3,1,4,2,54.0,wowie,2.0
Atm6-Sunset,1,1,23,13,2,11,1,,sky/sunset_03_rays,roadStone;roadMud,pipeAsphalt,,0,1,27.9,stunt,1,1,1,1,1,GrassForest;Rocks;Default;roadForest,118,Autumn,2,0,0,1,0,0,0,1,2,0,1,2,1,3,82.6,Wuzzy,2.1
Atm7-Industrial,1,3,367,65,2,122,0,Industrypark,sky/cloudy_02_toxic,roadSavannah;roadMud;roadNdirt;roadNgravel,pipeMetal;pipeGlass;pipeMetalOrn;pipeMetalBlue;grate_04;grate_03;grate_sf,road_wall_Red;grate_04;grate_05;grate_03;grate_sf,1,1,86.6,stunt,1,1,1,1,1,DesertFast;GrassJungleWet;Rocks;GrassForest;Default;roadGravel,162,Autumn,3,3,0,0,1,1,3,1,3,0,1,8,6,4,372.0,"rubberduck,CryHam",2.5
Atm8-Ultima,1,1,521,110,2,0,0,W13-MtFog,sky/day_clouds_02_blue,roadMud;roadNgravel;roadDesert;roadSnowGrn,pipeGlassYellow;pipeGlassCyan;pipeGlassWhiteB;pipeGlassGreen;pipe_wall_Orange,road_wall_Jungle;pipe_wall_Orange,1,1,97.9,stunt,1,1,1,1,1,GrassForest;Rocks;Default;roadForest;roadJungle,164,Autumn,0,1,0,1,2,1,2,3,4,0,2,16,5,4,630.0,CH,2.5
Atm9-SchwabAutumn,1,1,484,116,2,90,4,Jng3-Rocky,sky/day_clouds_09,roadJungle;roadNdirt;roadStone,pipeAsphalt;pipeGlassGreen;pipeGlassYellow;pipeGlass;pipe_wall_JDark,road_wall_Jungle;pipe_wall_JDark,1,1,117.0,stunt,1,1,1,1,1,GrassForest;Rocks;GrassJungle;Default;roadJungle;Asphalt,201,Autumn,0,0,1,1,3,4,3,3,4,0,2,12,5,6,465.0,"EP,CryHam",2.7
Aus1-StuntPark,1,1,252,55,2,0,0,W13-MtFog,sky/day_clouds_07,roadAdesertDark;roadAdesert;roadCdesert;roadDesertOrn,pipeGlassBlue;pipeGlassYellow;pipeGlassCyan;pipe_wall_Red,road_wall_Red;pipe_wall_Red,1,1,67.2,stunt,1,1,1,1,1,DesertFast;DesertBumpy;Default;roadAdesert;roadDesert,53,Australia,0,0,0,0,2,2,2,4,3,0,3,5,5,5,187.6,CH,1.2
Aus10-PreythCity,1,1,312,44,2,65,1,Isl10-Treasure,sky/day_clouds_02,roadSand;roadAsphalt;roadAdesert;roadMud,pipeGlass;pipeGlassBlue;pipeAsphaltRed;wallP_space_metal,wall_metal_06_plates;wallP_space_metal,1,1,75.8,stunt,1,1,1,1,1,DesertFast;GrassForest;Rocks;Default;roadGravel;Asphalt;roadAdesert;roadSnow,204,Australia,0,0,1,1,2,1,2,3,3,0,1,8,4,5,262.0,EP,2.7
Aus2-PipeCoil,1,1,127,3,2,0,0,W13-MtFog,sky/day_clouds_02_blue,roadAdesert,pipeGlassBlue;pipeGlass;pipeGlassBlueD;pipeGlassViolet;pipe_wall_Orange,pipe_wall_Orange,1,1,45.4,stunt,1,1,1,1,1,DesertFast;DesertBumpy;Default;roadAdesert;roadDesert,56,Australia,0,0,0,0,0,3,4,0,4,0,2,2,2,3,45.8,CH,1.3
Aus3-Canyon,1,1,135,34,2,12,1,,sky/day_clouds_04_blue,roadAdesert,pipeAsphalt;pipeGlass,road_wall_Red,0,1,41.7,stunt,1,1,1,1,1,DesertFast;Default;roadAdesert,60,Australia,0,0,0,2,1,0,0,2,0,0,2,5,2,5,161.0,CH,1.4
Aus4-Snake,1,1,109,17,2,0,0,TestC4-ow,sky/evening_02,roadAdesert,pipeAsphalt;pipeGlassCyan;pipeGlassOrange;pipeAsphaltRed;pipe_wall_Orange,road_wall_Red;pipe_wall_Orange,1,1,48.4,stunt,1,1,1,1,1,DesertFast;Rocks;Default;roadForestWet;roadJungle;roadForest,73,Australia,0,0,0,0,0,0,3,3,4,0,1,2,5,3,97.0,CH,1.5
Aus5-TopTwist,1,1,101,31,2,0,1,,sky/day_clouds_04_blue,roadAdesertDark;roadAdesert,pipeAsphalt;pipeGlass,road_wall_Red,0,1,38.0,stunt,1,1,1,1,1,DesertFast;Default;roadAdesert,98,Australia,0,0,1,1,4,0,0,2,2,0,1,5,5,4,165.5,CH,1.8
Aus6-Cannon,1,1,175,63,2,0,0,,sky/day_clouds_04_blue,roadAdesert,pipeAsphalt;pipeGlass,road_wall_Red,0,1,48.2,stunt,1,1,1,1,1,DesertFast;Rocks;Default;roadDesert;roadGravel,111,Australia,0,0,0,2,2,0,0,2,1,0,0,15,3,4,385.5,CH,2.0
Aus7-MiningCity,1,1,145,45,3,109,0,,sky/day_clouds_02_blue,roadAsphalt;roadAdesert,pipeAsphalt;pipe_wall_Orange,road_wall_Red;pipe_wall_Orange,0,1,54.5,stunt,1,1,1,1,1,DesertFast;Rocks;Default;Asphalt;roadDesert;Metal;DesertBumpy,157,Australia,1,0,0,1,0,0,0,2,3,0,1,4,3,4,144.0,"dimproject,CryHam",2.4
Aus8-Cliff,1,1,71,20,3,11,1,Aus5-TopTwist,sky/day_clouds_03_grey,roadCanyon1;roadAdesertDark;roadSandShore;roadMars,pipeAsphalt;pipeGlass,road_wall_Red,0,1,43.1,stunt,1,1,1,1,1,DesertFast;DesertBumpy;Rocks;Default;roadForest;roadAdesert;roadGravel,179,Australia,1,0,1,2,0,0,0,4,3,0,2,3,3,3,130.0,rubberduck,2.6
Aus9-RedDesert,1,1,56,50,2,0,0,Aus9-RedDesert,sky/dawn_01_red,roadCdesert;roadAdesertDark;roadJDarkD;roadDesertBlack,pipeAsphaltRed,road_wall_Red,1,1,54.9,stunt,1,1,1,1,1,DesertFast;Rocks;Default;roadDesert;roadAdesert,185,Australia,0,1,0,2,1,0,1,3,3,0,2,3,3,5,135.0,"EP,CryHam",2.7
Blk1-Darkness,1,1,104,33,2,7,0,,sky/space_nebula_01_blue,roadDesertBlack;roadNdirt,pipeGlassAlien;pipeGlassViolet;pipeGlassWhiteB;pipeGlassWhiteV;pipe_wall_JDark,road_wall_Black;pipe_wall_JDark,1,1,48.3,sci-fi,1,1,1,1,1,DesertFast;DesertBumpy;Rocks;Default;roadDesert;roadGravel;roadAdesert,170,BlackDesert,0,0,0,1,0,0,1,3,3,0,0,2,2,2,82.0,CH,2.5
Blk2-Sawtooth,1,2,187,42,2,86,1,,sky/overcast_02_purple,roadDesertBlack;roadNdirt;roadMetal1;roadNgravel;River_Blue_jelly,pipeGlassBlueD;pipeAsphalt;pipeGlassWhiteV;pipeGlassAlienBlue;pipe_wall_Black;pipeGlass,road_wall_Black;pipe_wall_Black;River_Blue_jelly,1,1,65.1,stunt,1,1,1,1,1,SnowDeep;DesertFast;Rocks;Default;roadDesert;roadGravel,220,BlackDesert,0,0,1,0,3,0,1,1,2,0,2,4,4,3,197.0,rubberduck,2.8
Can1-Hairpins,1,1,72,19,2,0,0,,sky/day_clouds_03_grey,roadCdesert,pipeGlass,,0,1,28.4,stunt,1,1,1,1,1,DesertFast;DesertBumpy;Default;roadAdesert,80,Canyon,0,0,0,0,0,0,0,4,2,0,0,2,3,3,64.5,CH,1.6
Can10-SandyCanyon,1,1,144,36,3,31,3,,sky/sunset_01_bright,roadAdesert;roadCdesert;roadCanyon1;roadSand,pipeGlass;pipeAsphaltRed;pipeGlassCrystal2Red;pipe_wall_Red,road_wall_Red;pipe_wall_Red,1,1,66.4,stunt,1,1,1,1,1,DesertBumpy;DesertFast;Rocks;SnowMedium;roadAdesert;roadDesert;roadForest;roadGravel,191,Canyon,0,0,2,1,0,0,1,1,2,0,0,8,2,4,255.0,"rubberduck,EP,CryHam",3.0
Can2-CanyonRun,1,1,56,22,2,18,0,,sky/cloudy_04_white,roadCdesert,pipeGlass,road_wall_Red,0,1,31.4,stunt,1,1,1,1,1,DesertFast;Rocks;DesertBumpy;Default;roadDesert,86,Canyon,1,0,0,0,0,0,0,4,2,0,0,3,3,4,67.9,CH,1.7
Can3-Vast,1,1,117,51,3,3,0,,sky/dusk_stormy_01_brown,roadCdesert;roadAdesertDark,pipeGlass,road_wall_Red,0,0,37.8,mixed,1,1,1,1,1,DesertFast;Rocks;Default;roadAdesert,92,Canyon,0,0,0,0,1,0,0,1,0,0,0,13,1,3,260.7,CH,1.7
Can4-Sway,1,1,94,30,2,2,0,,sky/sunset_04_cloudy,roadAdesertDark;roadCdesert;roadCanyon2;roadSandSet,pipeGlass,road_wall_Red,0,1,34.5,stunt,1,1,1,1,1,DesertBumpy;DesertFast;Rocks;Default;roadAdesert;roadDesert;roadForest,123,Canyon,0,0,0,0,3,0,0,3,2,0,0,5,3,2,137.2,CH,2.1
Can5-Obstacles,1,1,104,49,2,42,0,,sky/dawn_01,roadCanyon1;pipeAsphaltRed,pipeGlassYellow;pipeGlass;pipeGlassOrange;pipeAsphaltRed;pipe_wall_Red,road_col_Black;pipe_wall_Red,1,1,55.8,stunt,1,1,1,1,1,DesertFast;DesertBumpy;Rocks;Default;roadForest;roadDesert,137,Canyon,2,4,0,0,0,0,3,2,2,0,3,3,4,3,165.0,"rubberduck,CryHam",2.2
Can6-Abyss,1,1,53,20,2,0,0,Isl10-Treasure,sky/day_clouds_04_blue,roadCdesert;roadDesert;roadMud;roadSandSet,pipeGlass,,0,1,32.7,stunt,1,1,1,1,1,DesertFast;DesertBumpy;Rocks;Default;roadDesert;Asphalt;roadAdesert;roadSnow,149,Canyon,0,0,0,0,2,0,0,1,1,0,1,3,3,4,76.0,CH,2.3
Can7-RedWavy,1,1,188,69,2,61,1,O5-Factory,sky/dawn_01_orange,roadCanyon1;roadCanyon2;roadCdesert;roadAdesertDark,pipeGlassRed;pipeGlassOrange;pipeGlassYellow;pipe_wall_Red,road_wall_Red;pipe_wall_Red,1,1,75.7,stunt,1,1,1,1,1,DesertFast;DesertBumpy;Rocks;Default;roadForest;roadDesert;roadAdesert,172,Canyon,1,3,1,2,0,0,2,4,3,0,1,9,4,3,330.0,rubberduck,2.5
Can8-RedoPoka,1,1,361,63,2,130,1,Jng3-Rocky,sky/day_clouds_05_bright,roadDesertBlack;roadAdesertDark;roadAsphalt,pipeGlassYellow;pipeGlass;pipe_wall_JDark,road_wall_JDark;pipe_wall_JDark,1,1,89.4,stunt,1,1,1,1,1,DesertFast;Rocks;Default;roadDesert;roadAdesert,214,Canyon,2,1,1,2,0,0,1,3,3,0,2,9,3,3,385.0,"EP,CryHam",2.7
Can9-DukeRain,1,1,72,14,3,0,1,Jng3-Rocky,sky/cloudy_03_dark2,roadJDark;roadJDarkD;roadFunny,pipeGlassGreen;pipe_wall_Jungle,road_wall_JDark;pipe_wall_Jungle,1,1,52.5,stunt,1,1,1,1,1,GrassJungle;Rocks;Default;roadJungle;roadDesert,216,Canyon,0,0,1,1,1,0,1,1,2,0,3,2,2,3,100.0,"EP,CryHam",2.7
Cry1-CrystalMoon,1,1,36,10,2,0,1,,sky/space_nebula_01_blue,roadCrystal,pipeGlass,,0,1,36.9,sci-fi,1,1,1,1,1,SnowDeep;SnowMedium;Default;roadDesert;roadGravel;roadAdesert,154,Crystals,0,0,0,1,1,0,0,1,1,0,2,2,3,4,63.0,CH,2.4
Cry2-MagicFog,1,1,92,32,2,23,1,Industrypark-edit,sky/space_nebula_01,roadCrystal;roadSandMagic,pipeGlassBlueD;pipeGlassViolet;pipeGlassCrystal;pipeGlassAlienBlue;pipe_wall_JDark,road_wall_JDark;pipe_wall_JDark,1,1,66.7,sci-fi,1,1,1,1,1,SnowDeep;Rocks;Default;roadForest;roadGravel;roadDesert,161,Crystals,0,2,1,0,0,0,3,2,3,0,0,3,3,4,104.0,"rubberduck,CryHam",2.5
Cry3-BlueHell,1,1,226,53,2,29,1,Industrypark,sky/space_nebula_01_blue,roadSandMagic;roadCrystal;roadMetal1;roadIce,pipeGlassCrystal;pipeGlassCrystal2Cyan;pipeGlassAlienBlue;pipeGlassCyan;pipe_wall_crystal,road_wall_crystal;pipe_wall_crystal,1,1,80.6,sci-fi,1,1,1,1,1,SnowDeep;SnowMedium;Default;roadGravel;roadDesert;roadSnow,182,Crystals,0,3,1,1,2,3,3,3,3,0,1,6,6,5,310.0,"rubberduck,CryHam",2.6
Cry4-Slide,1,1,36,10,2,27,0,X3-Cloud,sky/space_nebula_01_blue,roadSandMagic;roadCrystalCyan;roadMagicMirrorCyan;roadIce,pipeGlassCyan;pipeGlassAlienLime;pipeGlassAlienBlue;pipe_wall_Alien,pipe_wall_Alien,1,1,54.6,sci-fi,1,1,1,1,1,SnowDeep;Rocks;Default;roadGravel;roadDesert,222,Crystals,0,0,0,0,0,1,1,0,2,0,0,1,3,5,42.0,"rubberduck,CryHam",2.8
Cry5-CrystalIslands,1,1,277,67,3,366,1,Cry5-CryIslands_Ter2,sky/space_nebula_01,roadCrystal;roadCrystalCyan;roadCrystalPink;roadSandMagicCyan,pipeGlassCrystal2Cyan;pipeGlassCrystal2Pink;pipeGlassCrystal2Blue;pipeGlassCrystal;pipe_wall_crystal,road_wall_crystal_cyan;pipe_wall_crystal,1,1,119.5,sci-fi,1,1,1,1,1,SnowDeep;Default;roadDesert;roadGravel,240,Crystals,0,0,2,1,1,1,1,2,3,1,2,8,4,5,333.0,rubberduck,2.8
Des1-Dunes,1,1,73,16,2,0,0,,sky/sky_clear_01_bright,roadDesert,pipeGlass,,0,0,19.6,mixed,1,1,1,1,1,DesertFast;DesertBumpy;Default;roadDesert;roadForestWet;Asphalt;roadSnowIce,2,Desert,0,0,0,0,1,0,0,0,0,0,0,3,1,3,68.0,CH,0.3
Des11-PersianCity,1,1,60,21,2,198,0,,sky/sunset_01_bright,roadSand;roadSand2,pipeGlass,,0,1,44.8,stunt,1,1,1,1,1,DesertFast;Rocks;Default;roadDesert;roadGravel,95,Desert,2,0,0,1,0,0,0,1,2,0,2,1,2,4,53.8,CH,1.7
Des12-Sandstorm,1,1,38,10,2,3,0,,sky/day_clouds_05_dust,roadDesert,pipeGlass,,0,1,24.2,stunt,1,1,1,1,1,DesertFast;DesertBumpy;Default;roadDesert,103,Desert,0,0,0,2,1,0,0,1,1,0,0,1,3,2,48.5,CH,1.9
Des14-JumpCrazy,1,1,40,14,2,23,0,,sky/day_clouds_02_blue,roadDesert,pipeGlass,road_wall_Desert,0,1,28.6,stunt,1,1,1,1,1,DesertFast;DesertBumpy;Rocks;Default;roadDesert,134,Desert,0,0,0,0,3,0,0,0,1,0,0,2,2,3,67.0,"rubberduck,CryHam",2.2
Des15-CityWall,1,1,97,33,3,114,1,,sky/day_clouds_02_blue,roadDesert;roadSand2;roadSandDark,pipeGlass,road_wall_Desert,0,1,51.8,stunt,1,1,1,1,1,DesertFast;DesertBumpy;Default;roadDesert;Rocks,136,Desert,3,0,1,2,0,0,0,1,2,0,2,3,3,4,121.0,"rubberduck,CryHam",2.2
Des16-AsphaltJumps,1,1,60,21,3,0,0,Isl10-Treasure,sky/day_clouds_08,roadAsphalt,pipeGlass,,0,1,37.3,stunt,1,1,1,1,1,DesertFast;DesertBumpy;Default;Asphalt;roadAdesert;roadSnow,144,Desert,0,0,0,1,3,0,0,2,2,0,2,3,2,2,86.0,dimproject,2.2
Des17-NileCity,1,1,78,26,3,179,1,,sky/day_clouds_04_blue,roadDesert;roadSand2;roadSandDark,pipeGlass,road_wall_Desert,0,1,54.2,stunt,1,1,1,1,1,DesertFast;DesertBumpy;Default;roadDesert,155,Desert,1,0,2,1,1,0,0,1,1,0,1,4,2,5,116.0,CH,2.4
Des18-Shuttle,1,1,68,33,3,27,0,D3-Passage,sky/sunset_04_cloudy,roadDesert;roadDesertOrn;roadCdesert,pipeGlassYellow;pipeGlassCyan;pipeGlassAlienLime;wallP_space_grayblue,wall_metal_12_cyan;wallP_space_grayblue,1,1,57.0,stunt,1,1,1,1,1,DesertFast;DesertBumpy;Rocks;Default;roadDesert;Asphalt,163,Desert,2,0,0,0,0,1,2,4,1,0,2,3,4,3,130.0,Calinou,2.5
Des19-Sandgrains,1,1,53,20,3,70,0,Des16-AsphaltJumps,sky/day_clouds_07,roadDesert;roadAsphalt,pipeGlass,,0,1,42.5,stunt,1,1,1,1,1,DesertFast;Rocks;Default;roadDesert;Asphalt,230,Desert,3,0,0,0,1,0,0,2,2,0,0,2,1,3,71.0,EP,2.8
Des2-Mntn,1,1,53,19,2,18,1,,sky/dusk_stormy_01_brown,roadDesertOrn;roadDesert;roadDesertD,pipeGlass,road_wall_Desert,0,1,33.4,stunt,1,1,1,1,1,DesertBumpy;DesertRocks;Default;roadDesert,7,Desert,0,0,0,4,1,0,0,0,1,0,1,2,3,3,66.5,"CryHam,rubberduck",0.6
Des20-DesertCoaster,1,2,207,75,3,13,0,Des8-Technical,sky/day_clouds_02,roadSand2;roadDesertBlack;roadDesertTransp;roadNgravel,pipeGlassYellow;pipeGlass,road_wall_Desert,1,1,75.5,stunt,1,1,1,1,1,DesertFast;Rocks;Default;roadDesert,233,Desert,0,1,0,0,4,2,1,3,4,0,2,8,5,2,264.0,EP,2.8
Des3-Passage,1,1,55,17,2,14,1,,sky/day_clouds_02_blue,roadDesert;roadDesertOrn,pipeGlass,road_wall_Desert,0,0,24.6,mixed,1,1,1,1,1,DesertFast;DesertBumpy;Rocks;Default;roadDesert;roadGravel,8,Desert,2,0,1,0,1,0,0,1,0,0,1,2,2,2,53.4,CH,0.6
Des4-SBridge,1,1,58,12,2,0,1,X3-Cloud,sky/day_clouds_04_blue,roadDesertOrn,pipeGlass,road_wall_Desert,0,1,35.2,stunt,1,1,1,1,1,DesertFast;DesertBumpy;Default;roadDesert;roadJungle,11,Desert,0,0,0,0,0,0,0,1,1,0,2,2,2,2,61.4,CH,0.7
Des5-LowJumps,1,1,45,13,2,0,2,X3-Cloud,sky/day_clouds_02_blue,roadDesert,pipeGlass,road_wall_Desert,0,1,37.7,mixed,1,1,1,1,1,DesertFast;DesertBumpy;Rocks;Default;roadDesert;roadJungle,20,Desert,0,0,0,1,1,0,0,0,0,0,0,1,2,3,36.0,CH,0.9
Des6-HighJumps,1,1,38,13,3,2,0,X3-Cloud,sky/sky_clear_01_bright,roadDesertOrn,pipeGlass,road_wall_Desert,0,1,35.5,mixed,1,1,1,1,1,DesertFast;DesertBumpy;Rocks;Default;roadDesert;roadJungle,21,Desert,0,0,0,0,2,0,0,0,0,0,0,1,3,3,31.0,CH,0.9
Des7-CrossJumps,1,1,99,30,2,0,0,X3-Cloud,sky/dusk_stormy_01_blue,roadDesert;roadDesertOrn,pipeGlass,road_wall_Desert,0,1,39.6,stunt,1,1,1,1,1,DesertFast;DesertBumpy;Default;roadDesert;roadJungle,26,Desert,0,0,0,0,4,0,0,2,0,0,0,4,4,3,88.8,CH,0.9
Des8-Technical,1,1,100,31,3,41,1,X3-Cloud,sky/dusk_stormy_02_brown,roadSand2;roadSandDark;roadSandSet,pipeGlass,road_wall_Desert,0,1,50.3,stunt,1,1,1,1,1,DesertFast;DesertBumpy;DesertRocks;Default;roadDesert;roadJungle,27,Desert,2,0,0,0,2,0,0,3,0,0,0,5,4,4,114.1,CH,0.9
Fin1-Lakes,1,1,91,30,2,0,1,Jng3-Rocky,sky/day_clouds_09,roadNgravel;roadNdirt;roadStone,pipeGlass,,0,1,40.6,stunt,1,1,1,1,1,DesertBumpy;GrassForest;GrassJungle;Rocks;Default;roadGravel;roadDesert;roadJungle,114,Finland,0,0,1,1,2,0,0,1,1,0,0,2,2,4,107.8,CH,2.0
Fin2-Serpent,1,1,61,20,2,4,1,Jng3-Rocky,sky/day_clouds_08,roadNdirt;roadNgravel,pipeGlass;pipe_wall_Jungle,road_wall_Jungle;pipe_wall_Jungle,0,0,29.9,mixed,1,1,1,1,1,DesertBumpy;GrassForest;GrassJungle;Rocks;Default;roadGravel;roadDesert;roadJungle,148,Finland,0,0,1,0,1,0,0,1,0,0,0,2,1,2,72.0,CH,2.3
Fin3-TreeTops,1,1,230,68,2,32,1,Fin1-Lakes,sky/night_01_clear_blue,roadNgravel;roadNdirt;roadStone;roadSnowGrn,pipeGlassGreen;pipeGlassOrange;pipeGlassBlue;pipeGlassViolet,,1,1,73.9,stunt,1,1,1,1,1,SnowMedium;SnowDeep;GrassForest;Rocks;Default;roadGravel;roadJungle;roadForest;roadSnow,237,Finland,0,0,2,2,0,1,3,2,3,0,2,11,3,3,312.0,rubberduck,2.8
For1-Slippery,1,1,49,14,2,9,0,,sky/foggy_01,roadJungleWet,pipeGlass,,0,1,26.5,stunt,1,1,1,1,1,GrassForestWet;Rocks;Default;roadForestWet,17,Forest,2,0,0,0,0,0,0,0,1,0,0,1,1,4,50.2,"CryHam,rubberduck",0.8
For10-MntnTrail,1,1,140,38,2,16,0,W13-MtFog,sky/day_clouds_08,roadJungle,pipeGlass,,0,0,36.0,mixed,1,1,1,1,1,GrassForest;Rocks;Default;roadGravel;roadAdesert;roadDesert,55,Forest,1,0,0,5,0,0,0,0,0,0,1,3,5,3,151.8,CH,1.2
For11-Dawn,1,1,40,9,2,20,0,,sky/sunset_04_yellow,roadJungle,pipeGlass,,0,1,25.5,stunt,1,1,1,1,1,GrassForest;Default;roadForest,63,ForestYellow,3,0,0,1,0,0,0,2,1,0,0,1,1,4,34.3,CH,1.4
For12-HighPeaks,1,2,233,56,2,0,6,,sky/day_clouds_08,roadJungle;roadSnow;River_cyan;River_white;River_shore,pipeGlass,,0,1,65.9,stunt,1,1,1,1,1,GrassJungle;GrassForest;Rocks;SnowMedium;Default;roadGravel;roadDesert,75,ForestMntn,0,0,1,2,0,0,0,2,2,0,2,7,3,5,273.7,CH,1.5
For13-Castle,1,1,109,32,3,32,0,,sky/cloudy_04_blue,roadJungle;roadSnow,pipeGlass,,0,1,40.9,stunt,1,1,1,1,1,GrassForest;Rocks;Default;roadForest,82,ForestMntn,2,0,0,0,0,0,0,2,3,0,2,2,3,3,102.2,CH,1.6
For14-Maze,1,1,239,47,2,15,0,,sky/day_clouds_09,roadJungle;roadStone;roadSavannah,pipeAsphalt;pipeGlass,,1,1,59.0,stunt,1,1,1,1,1,GrassJungle;GrassForest;SnowMedium;Rocks;Default;roadForest,91,Forest,1,0,0,1,0,0,1,2,5,0,3,3,4,2,210.3,CH,1.7
For15-ForestTrip,1,1,62,18,3,1,2,,sky/day_clouds_08,roadSandShore;roadSavannah;roadNdirt,pipeAsphalt,,0,1,37.7,stunt,1,1,1,1,1,GrassForest;Rocks;Default;roadGravel,93,Forest,0,0,1,2,0,0,0,0,1,0,1,3,2,3,128.4,"krash,CryHam",1.7
For16-Clew,1,1,102,28,2,0,0,,sky/evening_02_dark,roadJungle;roadSnow;roadStone,pipeGlass;pipeGlassCyan,,1,1,44.7,stunt,1,1,1,1,1,GrassJungle;GrassForest;Rocks;SnowMedium;Default;roadGravel,100,ForestMntn,0,0,0,0,0,0,2,2,4,0,3,2,4,3,91.4,CH,1.8
For17-BadCamber,1,1,51,15,2,7,0,,sky/day_clouds_06_bright,roadJungle,pipeGlass;pipe_wall_JDark,road_wall_JDark;pipe_wall_JDark,0,1,28.2,stunt,1,1,1,1,1,GrassForest;Rocks;Default;roadJungle,146,Forest,0,0,0,0,0,0,0,4,1,0,0,1,3,2,64.0,Wuzzy,2.3
For18-MountCaro,1,3,825,126,3,63,7,SigmaVal7,sky/day_clouds_04_blue,roadJungle;roadStone;roadSand2;roadAsphalt;River_shore;River_white;River_Ice_cyan,pipeGlass,,1,1,148.1,stunt,1,1,1,1,1,DesertFast;GrassJungle;Rocks;SnowMedium;Default;roadDesert;roadAdesert;DesertBumpy,193,ForestMntn,0,0,2,1,0,0,2,1,4,0,2,22,3,6,900.0,"EP,CryHam",2.7
For19-CrolKarstMntn,1,1,207,42,2,2,2,,sky/day_clouds_07,roadNgravel;roadNdirt;roadStone,pipeGlass;pipe_wall_Jungle,road_wall_Desert;pipe_wall_Jungle,0,1,50.2,stunt,1,1,1,1,1,GrassJungle;Rocks;SnowMedium;Default;roadGravel,202,ForestMntn,0,0,1,1,2,0,0,1,2,0,1,6,2,3,240.0,EP,2.7
For20-LakoPine,1,1,162,27,2,0,1,Grc8-SlopeCity,sky/sunset_03_rays,roadNgravel;roadNdirt;roadJungle;roadAsphalt,pipeGlassYellow;pipeGlass;pipe_wall_Orange,road_wall_Red;pipe_wall_Orange,1,1,57.2,stunt,1,1,1,1,1,DesertBumpy;DesertFast;Rocks;Default;roadGravel;roadJungle;roadForest;Asphalt,207,ForestYellow,0,0,1,0,0,0,1,2,3,0,1,5,3,5,147.0,"EP,rubberduck",2.7
For21-StuntValley,1,2,41,11,3,21,2,For12-HighPeaks,sky/day_clouds_06_bright,roadJungle;roadSnow;roadSnowWet;roadStone;River_blue,pipeAsphalt;pipeGlass,,1,1,53.2,stunt,1,1,1,1,1,GrassJungle;GrassForest;Rocks;SnowMedium;Default;roadForest;roadSnow,228,ForestMntn,1,0,1,1,1,1,1,1,1,0,0,1,3,3,59.0,"Tobifratz,rubberduck",2.8
For3-Snail,1,1,58,16,3,35,0,X3-Cloud,sky/cloudy_03_grey,roadJungleWet;roadNdirtWet,pipeGlass,,0,1,38.7,stunt,1,1,1,1,1,GrassForest;DesertFast;Default;roadForest;roadGravel;roadJungle;roadDesert;Rocks,18,Forest,2,0,0,0,0,0,0,3,2,0,0,1,2,2,40.1,"CryHam,rubberduck",0.8
For4-OSquare,1,1,66,20,2,0,0,,sky/overcast_01_grey,roadNgravelWet,pipeAsphalt;pipeGlass,,0,1,28.4,stunt,1,1,1,1,1,GrassForest;Rocks;Default;roadForest,23,ForestMntn,0,0,0,1,1,0,0,0,1,0,0,3,1,3,75.6,CH,0.9
For6-Banked,1,1,58,16,2,8,1,,sky/cloudy_02_brown,roadNdirtWet;roadStone,pipeGlass,,0,1,30.5,stunt,1,1,1,1,1,GrassForest;Default;roadForest,25,ForestMntn,0,0,0,0,0,0,0,2,2,0,1,2,2,3,46.7,"CryHam,rubberduck",0.9
For7-Blur,1,1,28,8,2,0,0,,sky/sunset_04_yellow,roadJungle;roadStone,pipeAsphalt;pipeGlass,,0,1,22.8,stunt,1,1,1,1,1,GrassForest;Default;roadForest;roadJungle;roadDesert,39,ForestYellow,0,0,0,0,0,0,0,2,2,0,0,1,1,4,37.1,CH,1.1
For8-Stain,1,1,28,7,2,20,0,,sky/overcast_01_grey,roadJungleWet,pipeGlass,,0,1,24.2,stunt,1,1,1,1,1,GrassForest;Rocks;Default;roadForestWet;roadJungle;roadDesert,40,Forest,1,0,0,0,0,0,0,0,2,0,0,1,1,3,36.7,CH,1.1
For9-MadMntn,1,1,130,39,2,26,0,,sky/dusk_stormy_01_brown,roadJungle;roadSavannah;roadMud,pipeGlass,road_wall_Red,0,1,41.0,stunt,1,1,1,1,1,Rocks;Default;roadForest,52,ForestYellow,0,0,0,0,0,0,0,4,3,0,3,4,4,4,142.8,CH,1.2
For9-MadMntnDark,1,1,130,39,2,36,0,,sky/dusk_stormy_02_dark,roadJungle;roadSavannah;roadMud,pipeGlass,road_wall_Red,0,1,41.9,stunt,1,1,1,1,1,Rocks;Default;roadForest,52,ForestYellow,0,3,0,0,0,0,0,4,3,0,3,4,5,3,144.0,"CryHam,rubberduck",3.0
Grc1-Long,1,1,135,24,2,0,4,Grc8-SlopeCity,sky/day_clouds_02_blue,roadGDesert;roadSavannah;roadDesertD,pipeAsphalt;pipeGlass,,0,1,50.4,stunt,1,1,1,1,1,DesertBumpy;DesertFast;Rocks;Default;roadDesert;roadJungle;roadForest;Asphalt,54,Greece,0,0,2,1,1,0,0,1,1,0,0,8,3,2,235.3,"CryHam,rubberduck",1.2
Grc10-BeachCity,1,1,196,49,3,135,1,Grc8-SlopeCity,sky/day_clouds_07,roadSandWhite;roadSand2;roadAsphalt,pipeGlassBlue;pipe_wall_Orange,road_wall_Red;pipe_wall_Orange,1,1,80.6,stunt,1,1,1,1,1,DesertFast;Rocks;Default;roadDesert;roadAdesert;Asphalt,187,GreeceWhite,3,0,1,1,0,0,1,1,3,0,0,4,2,5,154.0,"EP,rubberduck",2.7
Grc11-PickCave,1,1,187,50,2,22,1,Grc8-SlopeCity,sky/day_clouds_06_bright,roadSandWhite;roadSandShore;roadStone;roadMoss,pipeGlassCyan;pipeGlassYellow;pipeGlassAlienLime;pipeGlassGreen,road_wall_Desert,1,1,67.0,stunt,1,1,1,1,1,GrassJungle;DesertFast;Rocks;Default;roadGravel;roadForest;roadJungle,196,GreeceWhite,0,2,3,1,0,0,2,2,2,1,1,6,3,4,226.0,"EP,CryHam",2.7
Grc12-KapabaRivers,1,1,106,24,1,0,1,Grc8-SlopeCity,sky/cloudy_03_grey,roadMud;roadAsphalt;roadDesertOrn;roadSavannah,pipeGlassCyan;pipeAsphalt;pipeMetalBlue;pipe_wall_Orange,road_wall_Red;pipe_wall_Orange,1,1,49.2,stunt,1,1,1,1,1,DesertFast;GrassJungleWet;Rocks;Default;roadGravel;Asphalt;roadDesert,208,GreeceRocky,0,0,1,0,0,0,1,1,2,0,0,6,2,3,142.0,"EP,CryHam",2.7
Grc13-YeleyStunts,1,1,772,114,2,38,4,Mos2-Mouse,sky/day_clouds_04_blue,roadStone;roadNgravel;roadAsphalt;roadSavannah,pipeGlassCyan;pipeGlassYellow;pipeAsphalt;pipeMetalBlue,,1,1,126.6,stunt,1,1,1,1,1,DesertFast;DesertBumpy;Rocks;Default;roadAdesert;roadGravel;Asphalt;roadDesert,209,GreeceRocky,0,2,2,1,4,5,2,2,2,0,1,24,5,6,640.0,"EP,CryHam",2.7
Grc14-SquazeloLakes,1,1,101,34,2,0,1,Grc2-Coast,sky/sunset_04_cloudy,roadDesertBlack;roadAsphalt;roadSandSet,pipeAsphalt;pipeGlass;pipeGlassBlue,,1,1,54.3,stunt,1,1,1,1,1,DesertFast;Rocks;Default;roadDesert;Asphalt;roadGravel,217,Greece,0,0,2,1,0,0,1,2,2,0,1,3,2,4,110.0,"EP,CryHam",2.8
Grc2-Coast,1,1,60,18,2,2,1,Grc8-SlopeCity,sky/day_clouds_08,roadGDesert;roadDesertD,pipeAsphalt;pipeGlass,,0,0,27.6,mixed,1,1,1,1,1,DesertBumpy;DesertFast;Rocks;Default;roadGravel;roadJungle;roadForest;Asphalt,59,Greece,0,0,1,3,0,0,0,0,0,0,1,3,3,5,93.5,CH,1.4
Grc3-Butterfly,1,1,48,14,2,24,1,Grc8-SlopeCity,sky/day_clouds_07,roadGDesert,pipeAsphalt;pipeGlass,,0,1,35.7,stunt,1,1,1,1,1,DesertBumpy;DesertFast;Rocks;Default;roadGravel;roadJungle;roadForest;Asphalt,77,Greece,2,0,0,1,0,0,0,0,1,0,3,1,2,3,44.2,CH,1.6
Grc4-River,1,1,33,13,2,16,1,,sky/sunset_03_rays,roadGDesert;roadDesertD,pipeAsphalt;pipeGlass,,0,1,28.9,stunt,1,1,1,1,1,DesertBumpy;DesertFast;Rocks;Default;roadGravel;roadDesert,89,Greece,3,0,1,0,0,0,0,1,1,0,3,1,2,3,34.4,CH,1.7
Grc5-Climb,1,1,124,45,2,9,1,,sky/cloudy_04_blue,roadGDesert;roadDesertD;roadSandShore,pipeAsphalt;pipeGlass,,0,0,34.5,mixed,1,1,1,1,1,DesertBumpy;DesertFast;Rocks;Default;roadGravel,101,Greece,0,0,1,1,0,0,0,1,0,0,1,8,2,4,221.7,"CryHam,rubberduck",1.8
Grc6-Halfpipes,1,4,134,22,3,5,1,Isl10-Treasure,sky/day_clouds_06,roadJungle;River_blue,pipeGlassGreen;pipeGlassCyan;pipeGlassYellow;pipeMetalBlue;pipe_wall_Jungle;pipeGlass,road_wall_Red;pipe_wall_Jungle,1,1,58.6,stunt,1,1,1,1,1,DesertBumpy;DesertFast;Rocks;Default;roadDesert;Asphalt;roadAdesert;roadSnow,142,Greece,0,0,0,0,0,0,3,3,3,0,1,4,4,6,102.0,"CryHam,rubberduck",2.2
Grc7-Spider,1,1,148,33,3,65,1,Isl10-Treasure,sky/day_clouds_02_blue,roadSand;roadDesertD;roadAdesertDark;roadAsphalt,pipeGlassWhiteV;pipeGlassYellow;pipeGlassBlueD;pipeAsphaltRed,,1,1,66.1,stunt,1,1,1,1,1,DesertFast;DesertBumpy;Rocks;Default;roadGravel;Asphalt;roadAdesert;roadSnow,152,Greece,1,3,1,0,2,0,3,5,3,0,1,8,5,6,258.0,"CryHam,rubberduck",2.4
Grc8-SlopeCity,1,1,113,37,2,117,2,TestC4-ow,sky/cloudy_04_blue,roadSandWhite;roadSand2,pipeGlass,,0,1,56.6,stunt,1,1,1,1,1,DesertFast;Rocks;GrassJungle;Default;roadGravel;roadJungle;roadForest,156,GreeceWhite,1,1,2,2,1,0,0,2,2,0,3,5,3,6,166.0,CH,2.4
Grc9-Oasis,1,1,257,70,2,18,2,Grc8-SlopeCity,sky/day_clouds_04_blue,roadSandWhite;roadSandShore;roadStone;roadMoss,pipeGlassCyan;pipeGlassYellow;pipeGlassAlienLime;pipeGlassGreen,road_wall_Desert,1,1,79.3,stunt,1,1,1,1,1,GrassJungle;DesertFast;Rocks;Default;roadGravel;roadForest;roadJungle,183,Greece,1,3,1,1,3,4,4,3,3,0,1,8,5,6,241.0,CH,2.7
Isl10-Treasure,1,1,65,21,2,48,4,,sky/overcast_01_grey,roadSand;roadJungle;roadSavannah;roadMud,pipeAsphalt,,0,1,44.6,stunt,1,1,1,1,1,DesertFast;GrassForest;Rocks;Default;roadGravel,102,Island,3,0,2,3,0,0,0,1,1,0,1,2,2,6,85.5,"CryHam,rubberduck",1.8
Isl11-StuntIslands,1,1,245,70,2,111,1,W13-MtFog,sky/sunset_02_clouds,roadSandDark;roadDesertD;roadSand2;roadSand,pipeGlassCyan,road_wall_Desert,1,1,83.4,stunt,1,1,1,1,1,DesertFast;Rocks;Default;roadDesert;roadJungle;roadForest,121,IslandDark,3,2,1,0,2,2,1,1,0,0,2,10,3,4,287.5,"CryHam,rubberduck",2.1
Isl12-Beach,1,1,37,14,2,34,1,,sky/day_clouds_04_blue,roadSand;roadDesertD,pipeAsphalt,,0,1,30.9,stunt,1,1,1,1,1,DesertFast;DesertBumpy;GrassForest;Rocks;Default;roadGravel,122,Island,3,0,1,0,0,0,0,1,3,0,1,1,2,4,45.5,CH,2.1
Isl13-Beauty,1,1,132,52,2,46,1,,sky/evening_02_dark,roadSand;roadJungle;roadSavannah;roadMud,pipeAsphalt,,0,1,48.0,stunt,1,1,1,1,1,DesertFast;GrassJungle;Rocks;Default;roadGravel,128,Island,3,0,1,1,1,0,0,1,2,0,2,9,2,6,254.0,"CryHam,rubberduck",2.2
Isl14-Ocean,1,1,118,38,2,8,1,,sky/day_clouds_02_blue,roadSand;roadSandDark,pipeGlassBlue;pipeGlassCyan;pipeGlassBlueD;pipeGlassGreen;pipe_wall_Jungle,road_wall_Jungle;pipe_wall_Jungle,1,1,53.6,stunt,1,1,1,1,1,DesertFast;GrassJungle;Rocks;Default;roadGravel,175,Island,0,2,1,0,2,1,3,2,2,0,3,4,4,5,112.0,"dimproject,CryHam",2.5
Isl15-IslandVillages,1,1,128,48,2,165,1,Grc8-SlopeCity,sky/sunset_01,roadDesertBlack;roadNgravel;roadAsphalt,pipeGlassBlue;pipe_wall_Orange,road_wall_Red;pipe_wall_Orange,1,1,75.1,stunt,1,1,1,1,1,DesertFast;Rocks;Default;roadDesert;roadGravel;Asphalt,188,IslandDark,0,0,3,1,0,0,0,0,2,1,0,4,3,4,162.0,EP,2.7
Isl16-SandyMountain,1,1,74,31,1,39,4,,sky/sunset_04_yellow,roadGDesert;roadSavannah,pipeGlass;pipeAsphalt,,1,1,55.2,stunt,1,1,1,1,1,DesertBumpy;GrassForest;Rocks;SnowMedium;roadGravel;DesertRocks,191,Island,0,0,2,1,0,0,1,1,2,0,0,8,2,2,215.0,"EP,CryHam",2.7
Isl17-AdapterIslands,1,1,476,122,2,51,1,AdapterIslands2,sky/day_clouds_08,roadSandWhite;roadSand2;roadStone;roadJungle,pipeGlassAlienGreen;pipeGlassCyan;pipe_wall_Jungle,road_wall_Desert;pipe_wall_Jungle,1,1,106.1,stunt,1,1,1,1,1,DesertFast;Rocks;GrassJungle;Default;roadDesert;roadAdesert;roadForest,195,Island,0,0,3,1,2,4,3,3,3,0,2,16,5,4,495.0,"EP,CryHam,rubberduck",2.7
Isl18-RoupaIsland,1,1,161,18,2,17,1,Isl8-Pharaoh,sky/dusk_stormy_01_cyan,roadSand;roadAlienStone,pipeGlassGreen;pipeGlassCyan,,1,1,54.5,stunt,1,1,1,1,1,DesertFast;Rocks;Default;roadGravel;roadForest;roadSnowIce;AsphaltWet,213,IslandDark,0,0,1,0,3,0,2,3,4,0,1,3,4,3,126.0,"EP,rubberduck",2.7
Isl19-Shocacosh,1,1,411,77,2,45,3,Isl13-Beauty,sky/evening_02,roadJDark;roadSand;roadJungle,pipeGlass;pipeGlassCyan;pipeGlassGreen;pipeGlassYellow;pipe_wall_Jungle,road_wall_JDark;pipe_wall_Jungle,1,1,95.1,stunt,1,1,1,1,1,DesertFast;GrassJungle;Rocks;Default;roadJungle;roadDesert;roadForest;GrassForest,215,Island,0,2,1,2,4,2,2,3,4,0,3,8,4,6,360.0,"EP,CryHam",2.7
Isl2-Sandy,1,1,36,14,2,48,1,,sky/day_clouds_02_blue,roadSand;roadDesertD,pipeAsphalt,,0,1,32.0,stunt,1,1,1,1,1,DesertFast;GrassForest;Rocks;Default;roadGravel;roadDesert,45,Island,3,0,1,0,0,0,0,1,2,0,0,1,1,2,40.0,CH,1.1
Isl20-Atlantis,1,2,103,23,2,101,2,,sky/dusk_stormy_01_cyan,roadSandShore;roadSand;roadStone;roadMagicMirror;River_blue;River_cyan,pipeGlassCyan;pipeGlassWhiteV;pipeGlassViolet;pipe_wall_crystal;pipeGlass,road_wall_Jungle;pipe_wall_crystal;River_blue,1,1,59.2,stunt,1,1,1,1,1,DesertFast;Rocks;Default;roadDesert;roadGravel,219,IslandDark,1,3,3,0,0,1,3,1,2,1,3,2,3,4,156.0,"rubberduck,CryHam",2.8
Isl21-BarrelFun,1,1,298,69,3,120,1,AdapterIslands2,sky/day_clouds_05_dust,roadSandWhite;roadSand2;roadStone;roadSnow,pipeGlassOrange;pipeGlassYellow;pipeGlass;pipeGlassRed;pipe_wall_Winter,road_wall_Winter;pipe_wall_Winter,1,1,90.8,stunt,1,1,1,1,1,DesertFast;Rocks;Default;roadDesert;roadAdesert;roadForest;roadSnow,229,IslandDark,4,1,2,1,1,4,1,3,3,1,0,10,5,5,349.0,rubberduck,2.8
Isl3-Islands,1,1,95,34,2,19,1,,sky/day_clouds_07,roadSand;roadDesertD;roadGDesert,pipeAsphalt;pipeGlassCyan,road_wall_Desert,1,1,52.1,stunt,1,1,1,1,1,DesertFast;DesertBumpy;Rocks;Default;roadGravel,57,Island,2,0,3,1,0,0,0,0,1,0,1,3,3,4,105.2,CH,1.3
Isl3-IslandsNight,1,1,95,34,2,19,1,,sky/night_01_clear,roadSand;roadDesertD;roadGDesert,pipeAsphalt;pipeGlassCyan,road_wall_Desert,1,1,52.1,stunt,1,1,1,1,1,DesertFast;DesertBumpy;Rocks;Default;roadGravel,57,IslandDark,2,0,3,1,0,0,0,0,1,0,1,3,3,1,105.2,"CryHam,rubberduck",3.0
Isl4-Sunset,1,1,50,18,2,41,2,,sky/sunset_03_rays,roadSand2;roadSandDark;roadDesert,pipeAsphalt;pipeGlassCyan,,0,1,36.3,stunt,1,1,1,1,1,DesertFast;DesertBumpy;GrassJungle;Default;roadDesert,64,Island,3,0,1,0,0,0,0,1,2,0,0,2,2,3,56.6,"CryHam,rubberduck",1.4
Isl5-Shore,1,1,79,20,2,60,1,,sky/dusk_stormy_01_cyan,roadSandShore;roadSand;roadStone;roadJDarkD,pipeAsphalt,,0,1,37.1,stunt,1,1,1,1,1,DesertFast;Rocks;Default;roadGravel,66,IslandDark,2,0,1,1,1,0,0,1,1,0,0,2,2,6,80.4,CH,1.4
Isl6-Flooded,1,1,43,13,2,10,1,,sky/cloudy_04_blue,roadSand;roadDesert,pipeAsphalt;pipeGlassCyan,,0,1,28.9,stunt,1,1,1,1,1,DesertFast;DesertBumpy;Rocks;Default;roadGravel,78,Island,2,0,2,0,0,0,0,2,2,0,2,1,3,3,46.6,CH,1.6
Isl7-Moses,1,1,21,9,3,21,3,W14-DangerRoad,sky/day_clouds_04_blue,roadSand,pipeAsphalt;pipeGlassCyan,,0,1,42.5,stunt,1,1,1,1,1,DesertFast;Rocks;Default;roadGravel;roadForestWet;roadSnowIce;AsphaltWet,83,Island,2,0,1,2,1,0,0,2,1,0,0,1,3,2,63.2,"Tapio,rubberduck",1.6
Isl8-Pharaoh,1,1,46,20,2,22,1,,sky/dusk_stormy_01_cyan,roadSand2;roadSandDark,pipeAsphalt;pipeGlassCyan,,0,1,32.1,stunt,1,1,1,1,1,DesertFast;Rocks;Default;roadGravel,85,Island,0,0,1,0,2,0,0,3,2,0,0,2,3,3,73.3,"CryHam,rubberduck",1.6
Isl9-Web,1,1,187,75,2,1,1,,sky/day_clouds_08,roadSand2;roadDesertD;roadAsphalt;roadAdesert,pipeAsphalt,road_wall_Red,0,1,55.4,stunt,1,1,1,1,1,DesertFast;DesertBumpy;Rocks;Default;roadDesert,96,Island,0,0,2,0,2,0,0,5,3,0,0,13,5,4,314.4,CH,1.7
Jng1-Curly,1,1,44,10,2,0,3,Uni6-Wild,sky/day_clouds_02_blue,roadJDark,pipeGlass;pipe_wall_Jungle,road_wall_Jungle;pipe_wall_Jungle,0,1,39.8,stunt,1,1,1,1,1,GrassJungle;Rocks;Default;roadJungle;roadForestWet;Asphalt;roadSnowIce,1,JungleDark,0,0,1,1,0,0,0,0,2,0,1,1,1,2,47.5,CH,0.2
Jng10-Spiral,1,1,43,9,1,9,0,,sky/day_clouds_07,roadJDark,pipeGlass;pipe_wall_JDark,road_wall_JDark;pipe_wall_JDark,0,1,22.2,stunt,1,1,1,1,1,GrassJungle;Default;roadJungle;roadDesert,44,JungleDark,1,0,0,0,0,0,0,2,2,0,1,2,2,3,57.4,CH,1.1
Jng11-Temple,1,1,45,11,2,9,1,,sky/day_clouds_04_blue,roadJDark,pipeGlass;pipe_wall_Jungle,road_wall_Jungle;pipe_wall_Jungle,0,1,29.9,stunt,1,1,1,1,1,GrassJungle;Rocks;Default;roadJungle,58,Jungle,2,0,2,1,0,0,0,1,2,0,2,1,3,4,44.4,"CryHam,rubberduck",1.4
Jng12-Fog,1,1,36,10,1,22,1,,sky/cloudy_03_grey,roadJDarkWet,pipeAsphalt;pipeGlass;pipe_wall_JDark,road_wall_JDark;pipe_wall_JDark,0,0,18.2,mixed,1,1,1,1,1,GrassJungleWet;Rocks;Default;roadJungleWet,61,JungleDark,2,0,1,0,0,0,0,0,0,0,3,2,2,3,64.2,CH,1.4
Jng13-Tropic,1,1,178,45,2,0,1,,sky/cloudy_04_blue,roadJungle,pipeAsphalt;pipeGlass;pipe_wall_Jungle,road_wall_Jungle;pipe_wall_Jungle,0,1,46.2,stunt,1,1,1,1,1,GrassForest;Rocks;Default;roadJungle,62,Jungle,0,0,1,2,0,0,0,2,2,0,2,7,3,5,254.3,CH,1.4
Jng14-Muddy,1,1,37,15,1,22,5,,sky/cloudy_04_white,roadMudWet,pipeGlass;pipe_wall_Jungle,road_wall_Jungle;pipe_wall_Jungle,0,1,39.7,stunt,1,1,1,1,1,GrassJungleWet;Rocks;Default;roadJungle,69,Jungle,2,0,4,1,0,0,0,1,1,0,3,1,3,3,51.0,CH,1.4
Jng15-Swamp,1,1,102,32,2,5,1,TestC4-ow,sky/cloudy_03_grey,roadJungleWet,pipeGlass;pipe_wall_Jungle,road_wall_Jungle;pipe_wall_Jungle,0,1,43.7,stunt,1,1,1,1,1,GrassJungle;GrassForest;Default;Rocks;roadJungle;roadForest,72,Jungle,0,0,4,4,0,0,0,0,1,0,2,3,3,3,128.6,CH,1.5
Jng16-MudBath,1,1,77,27,2,0,5,,sky/sunset_04_yellow,roadMud;roadJungle;roadSandDark,pipeGlass,,0,0,38.0,mixed,1,1,1,1,1,DesertMud;GrassJungle;DesertBumpy;DesertFast;Default;roadGravel,76,Jungle,0,0,5,3,2,0,0,1,0,0,2,3,4,3,138.5,CH,1.5
Jng16-MudMad,1,1,55,22,1,17,8,,sky/day_clouds_05_bright,roadJDark,pipeGlass;pipe_wall_JDark,road_wall_JDark;pipe_wall_JDark,0,1,51.3,stunt,1,1,1,1,1,GrassForest;DesertBumpy;Rocks;Default;roadJungle,79,JungleDark,1,0,5,1,0,0,0,1,1,0,2,1,3,2,71.5,CH,1.6
Jng17-JungleCanyons,1,1,63,18,2,34,1,,sky/cloudy_04_blue,roadJungle;roadMud;roadNdirt;roadJDark,pipeAsphalt;pipeGlass;pipe_wall_Jungle,road_wall_Jungle;pipe_wall_Jungle,0,1,35.0,stunt,1,1,1,1,1,GrassForest;Rocks;Default;roadJungle;roadGravel,84,Jungle,1,0,1,0,1,0,0,1,1,0,0,6,2,4,199.0,Tapio,1.6
Jng18-Tiny,1,1,30,13,1,31,2,,sky/cloudy_04_white,roadJungleWet,pipeAsphalt;pipeGlass;pipe_wall_Jungle,road_wall_Jungle;pipe_wall_Jungle,0,1,30.5,stunt,1,1,1,1,1,GrassJungleWet;Default;roadJungleWet,88,Jungle,3,0,2,0,0,0,0,3,2,0,3,1,3,4,36.3,CH,1.7
Jng19-ShortFun,1,1,47,17,2,20,2,,sky/day_clouds_02_blue,roadJungle;roadSand,pipeAsphalt;pipeGlass;pipe_wall_Jungle,road_wall_Jungle;pipe_wall_Jungle,1,1,47.6,stunt,1,1,1,1,1,GrassForest;GrassJungle;Rocks;DesertFast;Default;roadJungle;roadGravel,94,Jungle,2,0,2,0,1,1,1,2,2,0,0,2,3,4,58.2,CH,1.7
Jng20-JungleMaze,1,1,184,44,2,31,2,,sky/cloudy_03_grey,roadJDarkWet;roadJungleWet;roadMudWet;roadJDarkD,pipeGlassAlien;pipe_wall_JDark,road_wall_JDark;pipe_wall_JDark,1,1,63.9,stunt,1,1,1,1,1,GrassJungle;DesertBumpy;Rocks;Default;roadJungle,113,JungleDark,0,0,1,2,1,0,0,2,3,0,2,7,3,5,252.2,CH,2.0
Jng21-Paradise,1,1,96,34,2,13,1,W13-MtFog,sky/day_clouds_09,roadNdirtWet;roadJungleWet;roadJDarkD;roadStone,pipeAsphalt;pipeGlass,road_wall_Jungle,0,1,44.6,stunt,1,1,1,1,1,GrassForest;GrassJungle;Rocks;Default;roadGravel;roadForest,126,Jungle,2,0,1,1,1,0,0,1,1,0,2,7,2,5,192.0,CH,2.2
Jng22-Knotted,1,1,98,26,2,35,0,,sky/sunset_04_yellow,roadJDarkWet;roadStone;roadAsphalt;roadJDarkD,pipeGlassGreen;pipeAsphalt;pipeGlass;pipe_wall_JDark,road_wall_JDark;pipe_wall_JDark,1,1,48.3,stunt,1,1,1,1,1,DesertBumpy;GrassJungle;Rocks;Default;roadJungle,141,JungleDark,2,0,0,0,0,0,1,2,4,0,3,3,4,3,132.0,"rubberduck,CryHam",2.2
Jng23-FollowValley,1,1,114,38,2,11,1,Jng3-Rocky,sky/day_clouds_04_blue,roadJDark;roadJDarkD,pipeGlassGreen;pipe_wall_Jungle,road_wall_JDark;pipe_wall_Jungle,1,1,58.6,stunt,1,1,1,1,1,GrassJungle;Rocks;Default;roadJungle;roadDesert;Asphalt,189,JungleDark,1,0,1,0,0,0,1,2,3,0,1,4,2,5,152.0,"EP,CryHam",2.7
Jng24-NightJungle,1,1,52,22,2,4,1,Jng3-Rocky,sky/night_01_clear,roadJDark,pipeGlassGreen;pipe_wall_Jungle,road_wall_JDark;pipe_wall_Jungle,1,1,50.0,stunt,1,1,1,1,1,GrassJungle;Rocks;Default;roadJungle;Asphalt,192,JungleDark,0,0,0,1,0,0,2,3,2,0,1,3,2,2,86.0,EP,2.7
Jng25-CantorJungle,1,1,234,55,2,34,1,CantorJungle,sky/day_clouds_02_blue,roadJDarkWet;roadJDarkD;roadAsphalt,pipeGlassCyan;pipeGlassGreen;pipeGlass;pipe_wall_JDark,road_wall_JDark;pipe_wall_JDark,1,1,72.0,stunt,1,1,1,1,1,GrassForest;GrassJungle;Rocks;Default;roadJungle;roadDesert;Asphalt,199,JungleDark,0,0,1,1,3,0,2,3,3,0,1,8,3,4,255.0,"EP,CryHam",2.7
Jng26-MilkyWay,1,5,382,88,2,89,14,,sky/day_clouds_04_blue,roadJungle;roadJDark;roadSandMagic;roadNgravel;River_milky_white;River_clear_white;River_milky_cyan;River_clear_green,pipeGlassGreen;pipeGlass;pipeGlassCyan;pipeGlassYellow;pipe_wall_Jungle,road_wall_JDark;pipe_wall_Jungle;River_clear_green,1,1,128.3,stunt,1,1,1,1,1,Rocks;GrassJungle;Default;roadDesert;roadGravel,234,Jungle,1,1,5,3,1,2,2,3,3,1,3,10,5,6,571.0,"rubberduck,CryHam",2.8
Jng3-Rocky,1,1,35,14,2,29,0,,sky/day_clouds_02_blue,roadJDark,pipeGlass;pipe_wall_JDark,road_wall_JDark;pipe_wall_JDark,0,1,28.9,stunt,1,1,1,1,1,GrassJungle;Rocks;Default;roadJungle,9,JungleDark,3,0,0,1,0,0,0,1,2,0,2,2,2,3,52.8,CH,0.6
Jng5-Pipes,1,1,32,9,2,0,0,X3-Cloud,sky/day_clouds_04_blue,roadJDark,pipeGlassGreen;pipeGlass;pipeGlassCyan;pipeGlassBlue;pipe_wall_Jungle,road_wall_Jungle;pipe_wall_Jungle,1,1,41.8,stunt,1,1,1,1,1,GrassForest;GrassJungle;Rocks;Default;roadJungle;roadDesert,12,Jungle,0,0,0,0,0,0,3,0,2,0,1,1,3,2,30.0,CH,0.7
Jng6-Fun,1,1,115,31,2,0,2,X3-Cloud,sky/day_clouds_08,roadJungle;roadMud,pipeAsphalt;pipeGlass;pipeGlassCyan;pipe_wall_Jungle,road_wall_Jungle;pipe_wall_Jungle,1,1,58.7,stunt,1,1,1,1,1,GrassForest;GrassJungleWet;Rocks;Default;roadJungle;roadDesert,34,Jungle,0,0,0,0,1,0,2,1,2,0,1,3,3,3,109.8,CH,1.0
Jng7-Hilly,1,1,58,18,2,60,0,X3-Cloud,sky/day_clouds_03_grey,roadJungle;roadSavannah,pipeAsphalt;pipeGlass;pipe_wall_Jungle,road_wall_Jungle;pipe_wall_Jungle,0,1,38.9,stunt,1,1,1,1,1,GrassJungle;Rocks;Default;roadJungle;roadDesert,37,Jungle,4,0,0,1,0,0,0,1,1,0,1,2,1,3,52.8,CH,1.1
Jng8-Round,1,1,58,19,1,0,0,,sky/day_clouds_03_grey,roadJDarkWet,pipeGlass;pipe_wall_JDark,road_wall_JDark;pipe_wall_JDark,0,1,25.2,stunt,1,1,1,1,1,GrassForest;DesertBumpy;Rocks;Default;roadJungle;roadDesert,41,JungleDark,0,0,0,1,0,0,0,1,1,0,2,3,1,2,69.1,CH,1.1
Mar1-Infinity,1,1,69,10,3,21,0,Sav12-Infinity,sky/sunset_02_clouds,roadSavannah;roadJDarkWet,pipeGlassCrystal2Pink;pipeGlassRed;pipeGlassYellow;pipeGlassViolet;pipe_wall_Winter,pipe_wall_Winter,1,1,49.9,stunt,1,1,1,1,1,DesertFast;SnowDeep;Rocks;Default;roadGravel;roadDesert;roadJungle,49,Marble,0,1,0,0,0,1,4,3,3,0,0,4,5,5,90.3,"rubberduck,CryHam",1.1
Mar2-Momayon,1,2,610,119,2,30,4,Mos0-Momayon,sky/sunset_03_rays,roadSandMarble;roadSandMarblePink;roadMossMarble;roadSandMagicPink;River_Pink_jelly,pipeGlassCrystal2Pink;pipeAsphaltRed;pipeAsphalt;pipeMetalBlue;wallP_metal_03_red;pipeGlass,pipe_wall_Orange;wallP_metal_03_red,1,1,119.9,stunt,1,1,1,1,1,Rocks;GrassJungle;DesertFast;Default;roadGravel;roadJungle,223,Marble,0,2,3,1,4,2,2,3,3,0,1,16,4,5,701.0,rubberduck,2.8
Mar3-Plateaus,1,1,161,39,2,20,2,Mos0-Momayon,sky/sunset_01,roadSandMarblePink;roadSandMarble;roadCrystalPink;roadMagicMirrorPink,pipeGlassCrystal2Pink;pipeGlassRed;pipeAsphalt;pipeMetalBlue;pipe_wall_Winter,roadMagicMirror;pipe_wall_Winter,1,1,65.3,stunt,1,1,1,1,1,Rocks;DesertFast;Default;roadGravel;roadDesert,242,Marble,0,2,1,2,0,1,1,2,2,0,1,6,3,6,183.0,rubberduck,3.0
Mos2-Mouse,1,1,44,15,1,0,5,,sky/day_clouds_03_grey,roadMossWet,pipeAsphalt,,0,1,36.7,stunt,1,1,1,1,1,GrassJungle;Rocks;Default;roadJungleWet,108,Moss,0,0,2,0,0,0,0,3,3,0,2,2,3,4,57.9,CH,1.9
Mos3-Air,1,1,30,7,2,12,3,,sky/day_clouds_02_blue,roadMoss,pipeAsphalt,,0,1,32.7,stunt,1,1,1,1,1,GrassJungle;Rocks;Default;roadJungle,120,Moss,1,0,1,0,1,0,0,2,0,0,1,1,1,3,35.4,"Wuzzy,rubberduck",2.1
Mos4-MossyMntn,1,1,65,23,2,15,0,,sky/overcast_02_green,roadMoss;roadStone,pipeAsphalt,,0,1,30.4,stunt,1,1,1,1,1,GrassJungle;Rocks;Default;roadGravel,135,Moss,2,0,0,1,0,0,0,1,1,0,1,3,2,3,82.0,rubberduck,2.2
Mos5-Factory,1,1,218,50,2,46,7,,sky/foggy_01_green,roadMoss;roadStone;roadNgravel;roadJDarkD,pipeGlassCyan;pipeGlassGreen;pipeGlass;pipeAsphalt,road_wall_Jungle,1,1,83.7,stunt,1,1,1,1,1,GrassJungle;Rocks;Default;roadGravel,153,Moss,2,3,2,1,3,2,3,5,4,0,3,5,6,5,230.0,CH,2.4
Mos6-TaraMosses,1,1,407,80,2,44,2,Mos2-Mouse,sky/cloudy_03_grey,roadMossWet;roadNgravelWet;roadAsphalt;roadMudWet,pipeGlassCyan;pipeAsphalt;pipeMetalBlue;pipe_wall_JDark,road_wall_JDark;pipe_wall_JDark,1,1,92.6,stunt,1,1,1,1,1,GrassJungle;Rocks;Default;roadJungleWet;roadGravel;Asphalt,206,Moss,0,4,1,1,2,0,3,2,3,0,3,10,4,5,460.0,"EP,CryHam",2.7
Mos7-Winding,1,1,83,24,1,0,1,Des13-Winding,sky/cloudy_02_toxic,roadMoss;roadStone;roadNgravel;roadJDarkD,pipeGlassCyan;pipeGlassGreen;pipeGlass;pipeAsphalt;pipe_wall_Yellow,road_wall_Alien;pipe_wall_Yellow,1,1,48.0,stunt,1,1,1,1,1,GrassJungle;Rocks;Default;roadDesert,133,Moss,0,3,2,0,0,0,2,1,2,0,2,4,2,3,106.0,"rubberduck,Wuzzy",2.2
Mos8-MogFoss,1,3,591,215,2,143,2,Mos2-Mouse,sky/sunset_04_yellow,roadMoss;roadMoss2;roadNgravel;roadJDark;River_sunset_cyan;roadInvisibleDesert,pipeGlassCyan;pipeGlassGreen;pipeGlassYellow;pipeMetalBlue;pipe_wall_JDark;pipeGlass,road_wall_JDark;pipe_wall_JDark,1,1,149.7,stunt,1,1,1,1,1,GrassJungle;Rocks;DesertMud;Default;roadDesert;roadJungle;roadGravel,227,Moss,1,2,4,2,2,1,1,1,3,1,1,21,3,5,740.0,rubberduck,2.8
Mrs1-Mars,1,1,106,28,2,2,0,W13-MtFog,sky/space_nebula_02_red,roadAdesert;roadSandDark;roadSandShore,pipeAsphaltRed;pipeGlassRed;pipe_wall_Red,road_wall_Red;pipe_wall_Red,1,1,61.6,sci-fi,1,1,1,1,1,DesertFast;Rocks;Default;roadAdesert;roadJungle;roadForest,125,Mars,0,1,0,0,3,1,0,3,2,0,1,5,3,5,124.5,"CryHam,rubberduck",2.1
Mrs2-Red,1,1,111,32,2,32,0,W13-MtFog,sky/dusk_stormy_02_red,roadAdesert;roadDesert;roadSandSet,pipeGlassOrange;pipeGlassYellow;pipeGlass;pipeGlassWhiteV,road_wall_Red,1,1,65.5,sci-fi,1,1,1,1,1,DesertFast;Rocks;Default;roadAdesert;roadJungle;roadForest,129,Mars,0,0,1,3,0,0,2,3,3,0,2,2,3,2,120.0,rubberduck,2.2
Mrs3-Hot,1,1,41,9,2,0,0,Aus5-TopTwist,sky/dusk_stormy_02_red,roadAdesert;roadSandDark;roadSandShore,pipeGlassOrange,road_wall_Red,1,1,52.3,sci-fi,1,1,1,1,1,DesertFast;Rocks;Default;roadAdesert;roadGravel;roadForest,143,Mars,0,0,0,2,0,0,1,1,1,0,0,1,2,3,41.0,rubberduck,2.2
Mrs4-Platforms,1,1,190,54,2,1,0,,sky/dawn_01_red,roadAdesert;roadDesertOrn;roadAdesertDark;roadAsphalt,pipeGlassYellow;pipeGlassOrange;pipeGlassRed;pipeGlassAlien,road_wall_Red,1,1,68.6,sci-fi,1,1,1,1,1,DesertFast;Rocks;Default;roadAdesert;roadDesert;Asphalt,174,Mars,0,0,0,1,4,0,3,2,2,0,1,8,4,3,230.0,"CryHam,rubberduck",2.5
Mud2-Bumps,1,1,19,16,2,0,0,,sky/dusk_stormy_01_brown,roadMudWet,pipeGlass,road_wall_Red,0,1,26.1,stunt,1,1,1,1,1,DesertFast;GrassJungleWet;Rocks;Default;roadGravel;roadDesert,51,Mud,0,0,0,4,1,0,0,0,1,0,1,2,3,2,57.6,"scrawl,CryHam",1.2
Mud3-Mudlake,1,1,54,15,2,0,1,,sky/dusk_stormy_02_brown,roadMud;roadSavannah,pipeGlassYellow;pipeGlassGreen,road_wall_Jungle,1,1,42.8,stunt,1,1,1,1,1,DesertFast;GrassJungleWet;Rocks;Default;roadGravel,131,Mud,0,0,3,2,0,0,2,2,1,0,1,2,2,3,77.0,"rubberduck,CryHam",2.2
Mud4-Taiga,1,1,153,61,1,16,5,Mud2-Bumps,sky/cloudy_03_grey,roadMud;roadAsphalt;roadNdirt,pipeGlass;pipeGlassBlue,road_wall_Jungle,1,1,75.8,stunt,1,1,1,1,1,GrassForest;Rocks;Default;roadForestWet;AsphaltWet;roadGravel,167,Mud,2,0,1,2,1,0,1,1,1,0,1,14,3,3,390.0,"Calinou,CryHam",2.5
Mud5-Mudflats,1,1,185,53,2,43,2,Mud3-Mudlake,sky/foggy_01,roadMudWet;roadJungleWet;roadNdirtWet;roadSandDark,pipeGlassYellow;pipeGlassRed;pipeGlassAlien,road_wall_Jungle,1,1,72.5,stunt,1,1,1,1,1,GrassJungleWet;GrassForest;GrassJungle;Default;roadGravel;roadForest,181,Mud,3,0,4,2,0,0,1,3,4,0,2,5,4,3,300.0,rubberduck,2.6
Mud6-Weiriwasso,1,2,577,108,2,141,5,,sky/cloudy_03_grey,roadMud;roadNdirt;roadStone;roadAsphalt;River_blue,pipeGlassBlue;pipe_wall_Jungle;pipeGlass,pipe_wall_Jungle,1,1,122.2,stunt,1,1,1,1,1,Rocks;GrassJungle;DesertFast;Default;roadDesert;roadForest;Asphalt,232,Mud,1,1,2,1,4,0,1,2,3,0,2,16,4,6,631.0,"EP,CryHam",2.8
Oth1-FogCity,1,1,92,26,2,94,0,V8-Uncertain,sky/sunset_06,roadAsphalt,pipeGlass,,0,1,44.4,stunt,1,1,1,1,1,Asphalt;GrassForest;DesertMud;Rocks;Default,158,Asphalt,0,1,0,0,1,0,0,3,3,0,3,2,3,2,80.0,Wuzzy,2.5
Oth2-BlackWinter,1,1,120,46,2,3,0,Atm2-RedOakPark,sky/day_clouds_05_bright,roadAsphalt;roadDesertBlack,pipeAsphalt,,1,1,56.1,stunt,1,1,1,1,1,Default;DesertFast;DesertBumpy;SnowDeep;Asphalt;roadDesert,184,Other,1,1,0,0,1,0,0,4,3,0,2,4,3,2,141.0,"EP,CryHam",2.7
Sav10-PipeCurl,1,1,87,18,2,0,0,,sky/cloudy_04_blue,roadSavannah,pipeGlassGreen;pipeGlass;pipeGlassCyan;pipeGlassYellow;pipe_wall_Jungle,pipe_wall_Jungle,1,1,42.5,stunt,1,1,1,1,1,GrassForest;Rocks;Default;roadGravel;roadDesert,47,Savanna,0,0,0,0,0,0,3,0,2,0,0,3,3,2,61.5,CH,1.1
Sav13-Hole,1,1,156,20,2,0,1,TestC4-ow,sky/day_clouds_06_bright,roadSavannah;roadJungle;roadSandDark;roadGDesert,pipeGlass,,0,1,41.4,stunt,1,1,1,1,1,GrassJungle;GrassForest;Rocks;Default;roadGravel;roadJungle;roadForest,70,Savanna,0,0,1,0,0,0,0,5,3,0,0,3,4,2,92.1,CH,1.4
Sav14-Refinery,1,1,290,57,2,15,5,,sky/dusk_stormy_01_brown,roadSavannah;roadSnow,pipeGlassYellow;pipeGlassCyan;pipeGlassOrange;pipeGlassWhiteV;pipe_wall_Jungle,road_wall_Red;pipe_wall_Jungle,1,1,81.1,stunt,1,1,1,1,1,Rocks;GrassForest;SnowMedium;GrassJungleWet;Default;roadGravel,97,SavannaDry,0,1,0,1,2,5,3,4,3,0,3,5,6,5,216.0,"CryHam,rubberduck",1.7
Sav15-Scorpio,1,1,164,46,2,0,0,,sky/cloudy_04_blue,roadSavannah;roadStone,pipeGlassYellow;pipeGlass,,1,1,53.3,stunt,1,1,1,1,1,GrassForest;Rocks;Default;roadGravel,127,SavannaDry,0,0,0,0,3,4,0,3,2,0,2,4,5,4,125.0,CH,2.2
Sav16-StuykoStunting,1,1,228,53,2,19,0,Sav8-SlowFrenzy,sky/cloudy_04_blue,roadSavannah;roadJungle;roadMud;roadSand,pipeGlassBlueD;pipeGlass,,1,1,65.4,stunt,1,1,1,1,1,GrassJungle;GrassForest;DesertBumpy;Default;roadGravel;roadForest,231,Savanna,4,1,0,1,3,3,2,3,3,0,3,6,5,4,210.0,"EP,CryHam",2.8
Sav2-Frenzy,1,1,131,44,2,3,5,TestC4-ow,sky/day_clouds_04_blue,roadSavannah,pipeGlass,,0,1,59.1,stunt,1,1,1,1,1,GrassForest;Rocks;Default;roadGravel;roadJungle;roadForest,4,Savanna,0,0,2,1,1,0,0,2,3,0,1,6,3,2,193.1,CH,0.3
Sav3-Loops,1,1,118,26,2,0,0,,sky/day_clouds_09,roadSavannah;roadNdirt;roadNgravel,pipeGlass,,0,1,33.0,stunt,1,1,1,1,1,GrassForest;Rocks;Default;roadGravel,5,Savanna,0,0,0,0,0,4,0,1,2,0,3,2,5,3,72.1,CH,0.4
Sav4-Hills,1,1,147,45,2,14,0,,sky/day_clouds_04_blue,roadSavannah;roadSandShore,pipeGlass,,0,1,41.2,stunt,1,1,1,1,1,GrassForest;Rocks;Default;roadGravel,10,Savanna,0,0,0,1,2,0,0,2,2,0,3,6,3,4,168.2,CH,0.6
Sav5-LoopBasic,1,1,138,36,2,0,0,,sky/day_clouds_04_blue,roadSavannah,pipeAsphalt;pipeGlass,,1,1,49.0,stunt,1,1,1,1,1,GrassForest;Rocks;Default;roadGravel,22,SavannaDry,0,0,0,0,0,3,1,2,0,0,2,2,4,3,61.0,CH,0.9
Sav6-PipeCrazy,1,1,58,11,2,8,0,X3-Cloud,sky/cloudy_04_white,roadSavannah,pipeGlassCyan;pipeGlass;wallP_metal_06_plates,wallP_metal_06_plates,1,1,44.5,stunt,1,1,1,1,1,GrassForest;Rocks;Default;roadGravel;roadJungle;roadDesert,28,SavannaDry,1,0,0,0,0,2,4,0,3,0,1,1,4,3,31.8,CH,0.9
Sav7-HighMadness,1,2,186,38,2,1,3,Uni6-Wild,sky/day_clear_01,roadSavannah;roadNgravel;roadNdirt;roadJungle;River_blue,pipeAsphalt;pipeGlass,,0,1,54.3,stunt,1,1,1,1,1,GrassJungle;GrassForest;Rocks;Default;roadDesert;roadGravel;roadForest,29,Savanna,0,0,0,1,0,1,0,3,1,0,3,2,4,4,99.3,CH,0.9
Sav8-SlowFrenzy,1,1,132,33,2,40,2,Uni6-Wild,sky/day_clouds_08,roadSavannah,pipeAsphalt;pipeGlass,,0,1,50.1,stunt,1,1,1,1,1,GrassJungle;GrassForest;Rocks;Default;roadGravel;roadForest,30,Savanna,2,0,2,2,1,0,0,0,3,0,2,3,4,2,112.1,CH,0.9
Sav9-Short,1,1,29,9,2,0,0,X3-Cloud,sky/sky_clear_01_bright,roadSavannah,pipeAsphalt;pipeGlass,,1,1,40.2,stunt,1,1,1,1,1,GrassForest;Default;roadGravel;roadJungle;roadDesert,36,Savanna,0,0,0,1,0,0,1,1,1,0,2,1,2,2,36.1,CH,1.0
Spc1-Minerals,1,1,94,29,1,77,0,W13-MtFog,sky/space_nebula_03_uni,roadAsphalt;roadMetal2;roadCrystal;roadAsphaltSpaceBlue,pipeAsphalt;pipeGlassCyan,wall_space_diam,0,1,51.4,sci-fi,1,1,1,1,1,Metal;Asphalt;roadDesert,166,Space,0,0,0,1,1,0,0,1,2,0,1,4,2,5,136.0,CH,2.5
Spc2-SpaceMine,1,1,228,46,1,192,0,Spc1-Minerals2,sky/space_nebula_01_blue,roadAsphaltSpace;roadMetal1;roadMetal2;roadAsphaltSpaceBlue,pipeGlassWhiteB;pipeGlassCyan;pipeGlassAlien;pipeGlassAlienBlue,,1,1,83.8,sci-fi,1,1,1,1,1,Metal;Asphalt,178,Space,1,1,0,0,0,0,3,2,2,0,2,8,3,5,260.0,rubberduck,2.6
Spc3-HyperLoops,1,1,625,139,1,68,1,Spc1-Minerals2,sky/space_nebula_01_blue,pipeAsphaltSpaceBlue;pipeAsphaltSpace;pipeGlassCyan;wall_space_grayblue,pipeGlassWhiteB;pipeGlassCyan;pipeAsphaltSpaceBlue;pipeGlassAlienBlue;wallP_metal_08_hex,wall_metal_08_hex;wallP_metal_08_hex,1,1,126.6,sci-fi,1,1,1,1,1,Metal;roadDesert,226,Space,0,4,2,1,3,6,4,5,3,0,2,24,7,6,900.0,rubberduck,2.8
Spc4-Crossing,1,3,157,43,1,240,0,Spc1-Minerals,sky/space_nebula_04_aln,wallP_metal_4a_box;wallP_space_gray;roadCrystal;pipeGlassCrystal2Green;wall_metal_03_green,pipeGlassCrystal2Cyan;pipeGlassAlienGreen;pipeGlass,wall_space_diam;road_wall_crystal_cyan;road_wall_Alien,1,1,84.5,sci-fi,1,1,1,1,1,Metal;roadDesert,245,Space,1,0,0,0,0,0,1,2,3,0,3,3,3,5,122.0,CH,3.3
Spr1-Rise,1,1,119,34,3,6,1,,sky/sunset_01,roadSpring;roadSpring2;roadMoss2;roadSandMagicCyan,pipeAsphalt,pipe_wall_spring,0,1,44.3,stunt,1,1,1,1,1,GrassJungle;GrassForest;DesertBumpy;Rocks;Default;roadForest;roadJungle;roadGravel,235,Spring,0,0,1,1,3,0,0,1,3,0,2,4,2,4,144.0,rubberduck,2.8
Stn1-StoneQuarry,1,1,116,33,2,9,0,W13-MtFog,sky/day_clouds_02_blue,roadNgravel;roadNdirt;roadAsphalt;roadStone,pipeAsphalt;pipeGlassCyan,,0,1,40.6,stunt,1,1,1,1,1,DesertBumpy;DesertRocks;Rocks;DesertFast;Default;roadGravel;roadJungle;roadForest,165,Stone,1,0,0,1,0,0,0,1,2,0,0,3,2,3,109.0,CH,2.5
Stn2-UltraFrenzy,1,1,759,183,1,191,1,W13-MtFog,sky/overcast_01_grey,roadNgravel;roadNdirt;grate_02;roadAlienStone,grate_03;pipeGlassCyan;pipeGlassGreen;pipeGlassCrystal2Green;wallP_space_metal,road_wall_Black;wallP_space_metal,1,1,146.9,stunt,1,1,1,1,1,DesertBumpy;DesertFast;Rocks;Default;roadGravel;roadJungle;roadForest,236,Stone,2,3,3,1,3,4,3,5,5,0,3,16,7,5,911.0,rubberduck,2.8
Sur1-Surreal,1,2,150,44,2,128,3,V8-Uncertain,sky/dusk_stormy_01_sur,roadDesertOrn;roadCrystal;roadMud;roadSavannah;River_Green_slime,pipeGlassCyan;pipeGlassYellow;pipeGlassWhiteV;wallP_metal_29_inst;pipeGlass,wall_metal_212_paint;wallP_metal_29_inst,1,1,78.1,stunt,1,1,1,1,1,DesertBumpy;GrassJungle;DesertFast;DesertMud;Default;roadDesert;roadGravel;DesertRocks;Rocks,159,Surreal,2,2,1,2,0,0,2,1,2,0,1,5,3,6,166.0,"Wuzzy,CryHam,rubberduck",2.5
Sur2-GreenStar,1,1,62,13,2,13,0,X3-Cloud,sky/space_nebula_04_aln,roadSandSet;roadMoss;roadJDark;roadDesertOrn,pipeAsphalt;pipeGlassAlienGreen;pipeMetalBlue;pipe_wall_Jungle,pipe_wall_Jungle,1,1,45.7,sci-fi,1,1,1,1,1,DesertFast;Rocks;SnowDeep;Default;roadGravel;roadJungle;roadDesert,177,SurrealSpace,2,0,0,1,3,0,2,5,2,0,0,4,4,5,110.0,rubberduck,2.5
Sur3-Chaotic,1,1,62,15,2,81,1,Aus5-TopTwist,sky/anomaly_03,roadFunny;roadAlien;roadCrystal;roadMoss,pipeGlassAlienBlue;pipeGlassAlienLime;pipeGlassAlienGreen,wall_metal_4a_box,1,1,55.0,stunt,1,1,1,1,1,DesertFast;Rocks;Default;roadJungle;roadDesert,180,Surreal,1,2,1,0,1,0,2,2,2,0,2,2,3,3,104.0,rubberduck,2.6
Sur4-BlueWinter,1,2,135,39,2,12,7,,sky/cloudy_04_white,roadCrystal;roadNgravel,pipeGlassWhiteB;pipeAsphalt;pipeGlassBlue;pipe_wall_crystal;pipeGlass;grate_05,road_wall_crystal;pipe_wall_crystal;grate_05,1,1,73.1,sci-fi,1,1,1,1,1,SnowDeep;SnowMedium;Rocks;Default;AsphaltWet,186,SurrealSpace,0,0,2,2,0,0,2,3,2,0,1,6,4,4,241.0,"EP,CryHam",2.7
Sur5-FreshBreeze,1,1,197,70,2,74,7,Grc2-Coast,sky/dusk_stormy_01_sur,roadMoss;roadJDark;roadSnowGrn;roadCrystal,pipeGlassGreen;pipeGlassAlienBlue;pipeGlassWhiteV;pipeGlassAlien;pipe_wall_Alien,road_wall_Alien;pipe_wall_Alien,1,1,95.6,sci-fi,1,1,1,1,1,DesertBumpy;DesertFast;Rocks;roadJungleWet;roadJungle;roadForestWet;roadAdesert,190,SurrealSpace,0,2,3,3,1,0,2,2,3,0,0,8,3,6,360.0,"CryHam,EP",2.7
Sur6-AkkaPadre,1,1,547,112,2,31,7,EXP220422,sky/space_nebula_01,roadSandDark;roadNgravel;roadStone;roadAdesertDark,pipeGlassWhiteV;pipeGlassYellow;pipeGlassBlue;pipeGlass;pipe_wall_Yellow,wall_space_metal;pipe_wall_Yellow,1,1,123.5,sci-fi,1,1,1,1,1,Rocks;DesertBumpy;Default;roadGravel;roadAdesert,203,SurrealSpace,0,0,2,1,3,3,2,2,3,0,1,12,5,6,520.0,"EP,CryHam",2.7
Sur7-UaraHills,1,1,79,19,2,13,1,Grc8-SlopeCity,sky/dawn_01_orange,roadSandShore;roadAlien;roadSandMagic,pipeGlassAlienLime;pipe_wall_Orange,wall_space_metal;pipe_wall_Orange,0,1,39.4,sci-fi,1,1,1,1,1,DesertBumpy;GrassJungle;Rocks;Default;roadGravel;roadJungle,205,SurrealSpace,0,0,1,1,2,0,0,1,2,0,0,4,2,3,103.0,"EP,rubberduck,CryHam",2.7
Sur8-BloCorcle,1,2,280,45,2,6,1,Mos3-Air,sky/dawn_02_cloudy,roadNgravel;wall_metal_01;wall_metal_06_plates;wall_metal_12_dots,pipeGlassBlue;pipeGlassViolet;pipeGlass;pipeGlassCrystal;wallP_metal_08_hex;roadNgravel;grate_05,wall_space_x;wallP_metal_08_hex;grate_02;grate_05,1,1,69.4,sci-fi,1,1,1,1,1,DesertFast;Rocks;Default;roadDesert;roadGravel;roadForest,210,SurrealSpace,0,0,1,1,3,2,1,4,2,0,2,6,4,4,220.0,EP,2.7
Sur9-HexForest,1,1,244,85,1,648,3,Sur4-BlueWinter,sky/space_nebula_01_blue,roadMagicMirror;roadDesertBlack;roadMoss;roadSnowGrn,River_Blue_jelly;River_Pink_jelly;pipeGlassBlue;pipe_wall_crystal,wall_metal_212_paint;pipe_wall_crystal,1,1,134.3,sci-fi,1,1,1,1,1,DesertRocks;DesertFast;Rocks;Default;roadGravel;roadDesert;roadJungle;roadSnow,221,SurrealSpace,1,1,2,3,1,1,1,3,5,0,3,4,5,5,315.0,rubberduck,2.8
Test1-Flat,1,1,0,0,1,17,1,,sky/day_clouds_04_blue,roadNgravel,pipeGlass,,0,0,11.4,test,1,1,1,1,1,roadJungle;Default,1,Forest,1,0,1,0,0,0,0,0,0,0,0,0,0,1,1.0,CH,0.3
Test10-FlatPerf,1,1,0,0,1,0,0,,sky/sunset_03_rays,roadSand;roadDesert,pipeGlass,,0,0,7.0,test,1,1,1,1,1,PerfTest;Default;roadDesert,107,Desert,0,0,0,0,0,0,0,0,0,0,0,0,0,0,1.0,CH,1.9
Test12-Snow,1,1,0,0,1,0,0,,sky/dusk_stormy_01_blue,roadJungle,pipeGlass,,0,0,7.0,test,1,1,1,1,1,roadSnowIce;roadSnow;GrassForest;Rocks;Default;roadGravel;roadDesert,156,WinterWet,0,0,0,0,1,0,0,0,0,0,0,0,0,0,1.0,CH,2.4
Test13-Hills,1,1,0,0,2,3,2,,sky/cloudy_04_blue,roadJungle,pipeGlass,,0,0,17.2,test,1,1,1,1,1,roadJungle;Default,216,ForestMntn,0,0,0,2,1,0,0,0,0,0,0,0,0,2,1.0,CH,3.0
Test14-Terrains,1,1,0,0,5,4,0,,sky/day_clouds_08,roadJungle,pipeGlass,,0,0,23.3,test,1,1,1,1,1,GrassForest;roadJungle;Default;roadDesert;DesertBumpy;Asphalt,216,ForestMntn,0,0,0,2,1,0,0,0,0,0,0,0,0,2,1.0,CH,3.0
Test15-MagicFluids,1,1,0,0,2,2,10,,sky/space_nebula_01_blue,roadSavannah;roadIce,pipeAsphalt;pipeGlass,,0,0,51.2,test,1,1,1,1,1,roadAdesert;Metal;roadDesert;Default;roadGravel;DesertBumpy;SnowDeep,236,Unidentified,0,0,5,0,0,0,0,0,0,0,0,0,0,3,1.0,CH,3.0
Test16-Objects2,1,1,0,0,1,110,1,,sky/day_clouds_04_blue,roadNgravel,pipeGlass,,0,0,19.2,test,1,1,1,1,1,roadJungle;Default,241,Forest,4,2,1,0,1,0,0,0,0,0,0,0,0,2,1.0,CH,3.0
Test17-JungleFluids,1,1,0,0,1,0,4,,sky/day_clouds_04_blue,roadSavannah;roadIce,pipeAsphalt;pipeGlass,,0,0,19.0,test,1,1,1,1,1,roadGravel;GrassJungle;DesertBumpy;GrassJungleWet;Rocks;Default,243,Jungle,0,0,2,1,0,0,0,0,0,0,0,0,0,3,1.0,CH,3.2
Test18-FlatGI,1,1,0,0,1,58,1,Test1-Flat,sky/day_clouds_04_blue,roadNgravel,pipeGlass,,0,0,19.8,test,1,1,1,1,1,roadJungle;Default,246,Forest,1,0,1,0,0,0,0,0,0,0,0,0,0,1,1.0,CH,3.3
Test2-Asphalt,1,1,0,0,1,0,0,,sky/day_clouds_09,roadNgravel,pipeGlass,,0,0,7.0,test,1,1,1,1,1,Asphalt;Default,2,Asphalt,0,0,0,0,0,0,0,0,0,0,0,0,0,0,1.0,CH,0.3
Test3-Bumps,1,1,0,0,1,0,2,,sky/day_clouds_08,roadJungle,pipeGlass,,0,0,13.0,test,1,1,1,1,1,roadJungle;Default,3,ForestMntn,0,0,0,5,1,0,0,0,0,0,0,0,0,2,1.0,CH,0.3
Test4-TerrainBig,1,1,0,0,1,0,0,,sky/day_clear_01,roadJungle,pipeGlass,,0,0,7.0,test,1,1,1,1,1,roadGravel;Default;roadDesert;roadAdesert,57,Desert,0,0,0,0,2,0,0,0,0,0,0,0,0,2,1.0,CH,1.3
Test6-Fluids,1,1,0,0,1,0,5,,sky/day_clouds_06_bright,roadJungle,pipeGlass,,0,0,22.0,test,1,1,1,1,1,roadGravel;Default,57,Savanna,0,0,4,0,2,0,0,0,0,0,0,0,0,2,1.0,CH,1.3
Test7-FluidsSmall,1,1,0,0,1,0,6,,sky/day_clouds_07,roadSavannah;roadIce,pipeAsphalt;pipeGlass,,0,0,25.0,test,1,1,1,1,1,roadGravel;Default,60,Savanna,0,0,5,0,0,0,0,0,0,0,0,0,0,3,1.0,CH,1.4
Test8-Objects,1,1,0,0,1,390,0,,sky/day_clouds_02_blue,roadNgravel,pipeGlass,,0,0,39.5,test,1,1,1,1,1,roadDesert;Default,86,Desert,4,1,0,0,2,0,0,0,0,0,0,0,0,1,1.0,CH,1.6
TestC1-Circle,1,1,8,6,1,0,0,,sky/day_clouds_07,wall_space_gray,roadDesertOrn;pipeGlassAlien;pipeGlassAlienGreen,wall_space_x,0,0,10.7,test,1,1,1,1,1,GrassJungle;Rocks;Default;roadGravel,10,Jungle,0,0,0,0,0,0,0,1,0,0,0,1,1,0,14.7,CH,0.7
TestC10-Pace,1,1,17,7,1,5,3,,sky/day_clouds_09,roadStone,pipeGlass,,1,1,39.4,test,1,1,1,1,1,GrassForest;Default;roadGravel,182,Jungle,0,0,0,0,0,0,1,1,2,0,0,2,2,0,46.0,CH,2.6
TestC11-Forks,1,4,37,3,1,0,1,X3-Cloud,sky/day_clouds_02,roadSavannah;roadSandDark;roadMud,pipeGlassCyan;pipeGlass,,0,0,17.9,test,1,1,1,1,1,GrassForest;Rocks;Default;roadGravel;roadJungle;roadDesert,208,SavannaDry,0,0,0,0,1,0,0,0,0,0,0,1,2,0,15.0,CH,2.7
TestC12-SR,1,12,119,5,3,28,4,,sky/day_clouds_06_bright,roadJDark;roadJDarkDs;roadMoss;roadNdirt;roadNgravel;roadCdesert;roadGDesert;roadDesertOrn;roadAdesertDark;River_cyan;River_white;River_blue;River_LavaOrn;roadCrystal;roadSandMagic;roadMagicMirror;roadJungle;roadSavannah;roadMud;roadSnow;roadSnowGrn;roadIce,pipeGlass;pipeGlassAlienGreen;pipeGlassAlienLime;pipeGlassYellow;pipeGlassGreen;pipeGlassRed;pipeGlassAlienBlue;pipe_wall_Alien;pipeAsphalt;pipeMetalOrn;pipeGlassWhiteV;pipeGlassViolet;pipeGlassCyan;pipeGlassBlueD;pipeGlassAlien,road_wall_Desert;road_wall_crystal;pipe_wall_Alien;road_wall_Jungle;road_wall_Winter,1,1,58.9,test,1,1,1,1,1,GrassJungle;SnowWet;Rocks;SnowDeep;Default;roadForest;roadGravel;DesertBumpy;GrassForest;SnowMedium,209,ForestYellow,0,1,2,2,2,1,2,2,2,0,2,1,5,4,24.0,CH,2.7
TestC13-Rivers,1,6,34,2,1,15,3,,sky/day_clouds_04_blue,roadJungle;roadMud;roadMudWet;roadJungleWet;River_blue;River_cyan;River_green;River_moss;roadNgravel,pipeGlass;wall_space_gray;wall_metal_212_scr;road_col_Ice;wall_metal_12_blue,wall_space_x;wall_space_gray;wall_metal_212_scr;road_col_Ice;wall_metal_12_blue,1,1,41.2,test,1,1,1,1,1,GrassForest;Rocks;GrassJungle;Default;roadDesert,210,Jungle,1,0,2,1,0,0,0,0,0,0,0,0,2,3,10.0,CH,2.7
TestC14-Fields,1,2,20,0,1,20,1,,sky/day_clouds_04_blue,roadNgravel,pipeGlass;pipe_wall_JDark,pipe_wall_JDark,1,1,34.3,test,1,1,1,1,1,roadJungle;Default;roadGravel,243,Forest,0,0,1,1,0,0,0,0,0,0,0,0,2,1,30.0,CH,3.2
TestC15-Render,1,6,67,9,1,120,7,,sky/cloudy_04_blue,roadJDarkWet;roadMudWet;roadJungleWet;roadNdirtWet;River_blue;River_cyan;River_green;River_moss;roadNgravel,pipeGlass;grate_04;pipeGlassCrystal;wall_metal_212_scr;road_col_Ice;wall_metal_12_blue,wall_space_dots_orn;grate_04;wall_metal_212_scr;road_col_Ice;wall_metal_12_blue,1,1,65.8,test,1,1,1,1,1,GrassForest;Rocks;GrassJungle;Default;roadDesert,246,Jungle,3,0,2,1,0,1,2,3,2,1,1,1,3,4,44.0,CH,3.3
TestC2-PipeHalf,1,1,8,4,1,0,0,,sky/day_clouds_08,roadJungle,pipeMetalBlue;pipeGlassAlien;pipeGlassYellow,,1,1,28.6,test,1,1,1,1,1,GrassJungle;Rocks;Default;roadGravel,10,Jungle,0,0,0,0,0,0,1,2,0,0,0,1,0,0,12.6,CH,0.7
TestC3-PipeBig,1,1,16,8,1,0,0,,sky/sunset_04_cloudy,roadSavannah,pipeGlass;pipeGlassYellow;pipeMetalBlue;pipeGlassAlienGreen,,1,1,30.2,test,1,1,1,1,1,GrassForest;Rocks;Default;roadGravel,10,Savanna,0,0,0,0,0,0,1,2,0,0,0,1,0,0,19.9,CH,0.7
TestC4-Ow,1,1,4,4,2,0,0,,sky/sky_clear_01_bright,roadSavannah,pipeAsphalt,,0,1,20.4,test,1,1,1,1,1,GrassForest;Rocks;Default;roadGravel,10,Forest,0,0,0,0,0,0,0,0,2,0,0,0,2,3,11.0,CH,0.7
TestC6-Temp,1,1,4,2,1,8,0,,sky/day_clouds_04_blue,roadJungleWet;roadMud,pipeGlass,,0,1,16.5,test,1,1,1,1,1,GrassForest;Rocks;GrassJungle;Default;roadForest,71,Jungle,1,0,0,0,0,0,0,0,3,0,0,0,1,2,7.6,CH,1.4
TestC7-Oc,1,1,5,5,2,0,4,,sky/day_clear_01,roadSavannah,pipeAsphalt,,0,1,32.7,test,1,1,1,1,1,GrassForest;Rocks;Default;roadGravel,71,Savanna,0,0,2,0,0,0,0,0,1,0,0,0,1,1,12.7,CH,1.4
TestC8-Align,1,1,8,4,1,0,0,,sky/cloudy_04_white,roadStone,pipeGlass,,0,1,16.6,test,1,1,1,1,1,GrassForest;Default;roadGravel,94,Jungle,0,0,0,0,0,0,0,2,1,0,0,1,2,3,17.2,CH,1.6
TestC9-Jumps,1,1,43,12,1,0,0,,sky/cloudy_04_blue,roadSand;roadDesert,pipeGlass,,0,1,20.8,test,1,1,1,1,1,DesertFast;DesertBumpy;DesertRocks;Default;roadDesert,107,Desert,0,0,0,0,3,0,0,1,0,0,0,2,2,0,63.0,CH,1.9
Tox1-Radioactive,1,1,54,20,2,273,1,,sky/dusk_stormy_02_dark,roadSandDark;wall_space_dots;wall_space_metal;wall_space_x,pipeGlassGreen;pipeGlassCyan,wall_space_dots_orn,1,1,67.0,stunt,1,1,1,1,1,DesertBumpy;DesertRocks;Rocks;Default;roadGravel;roadDesert,140,Toxic,3,3,0,0,0,0,1,0,0,0,2,3,4,5,98.0,"CryHam,rubberduck",2.2
Tox2-AcidLakes,1,1,69,23,2,0,1,V9-Craters,sky/cloudy_02_toxic,roadSand2;roadDesertD;roadAlienD;roadAlien,pipeGlass,,0,1,37.4,stunt,1,1,1,1,1,DesertFast;DesertBumpy;Rocks;Default;roadGravel;roadDesert;roadJungle,160,Toxic,0,0,2,2,0,0,0,1,2,0,0,2,2,5,69.0,CH,2.5
Uni1-Magic,1,1,40,10,2,0,1,V9-Craters,sky/space_nebula_03_uni,roadSandMagic,pipeAsphalt;pipeGlassCyan,,1,1,54.1,sci-fi,1,1,1,1,1,DesertBumpy;Rocks;Default;roadGravel;roadDesert,67,Unidentified,0,0,2,2,0,0,1,2,1,0,0,1,3,3,47.3,CH,1.4
Uni2-Swirl,1,1,105,17,2,0,2,,sky/space_nebula_03_uni,roadSandMagic,pipeGlass;pipeGlassViolet;pipeGlassWhiteV,,1,1,57.7,sci-fi,1,1,1,1,1,DesertBumpy;Rocks;Default;roadGravel,74,Unidentified,0,0,2,0,0,2,3,2,1,0,0,3,3,3,99.0,CH,1.5
Uni3-Cloud,1,1,54,27,3,0,0,,sky/space_nebula_03_uni,roadIce;roadSandMagic;roadSnow,pipeAsphalt;pipeGlassCyan,wall_metal_08_hex,0,1,45.2,sci-fi,1,1,1,1,1,DesertBumpy;Rocks;Default;roadSnow;roadDesert;SnowDeep,99,Unidentified,0,0,0,0,1,0,0,3,2,0,0,5,2,3,121.8,CH,1.8
Uni4-Pipeline,1,1,110,20,2,0,0,,sky/space_nebula_03_uni,roadSandMagic;roadIce;roadSandSet,pipeGlassRed;pipeGlassBlueD;pipeGlassWhiteV;pipeGlassYellow;wallP_metal_212_scr,wall_metal_4a_box;wallP_metal_212_scr,1,1,54.3,sci-fi,1,1,1,1,1,DesertBumpy;Rocks;Default;roadForest,124,Unidentified,0,2,0,1,0,0,3,2,2,0,0,8,5,6,208.4,CH,2.1
Uni5-PipeJumps,1,1,98,24,3,0,0,W13-MtFog,sky/space_nebula_03_uni,roadSandMagic;roadIce;roadSandSet,pipeGlassRed;pipeGlass;pipeGlassWhiteV;pipeGlassYellow,road_wall_Winter,1,1,63.8,sci-fi,1,1,1,1,1,DesertBumpy;Rocks;Default;roadSavannah;roadJungle;roadForest,130,Unidentified,0,0,0,0,4,0,3,2,1,0,1,5,4,4,110.0,"rubberduck,CryHam",2.2
Uni6-Wild,1,1,174,49,2,0,1,,sky/space_nebula_03_uni,roadSandMagic;roadMetal2;roadAsphalt;wall_space_gray,pipeAsphalt;pipeGlassCyan,wall_metal_04_x_viol,0,1,57.2,sci-fi,1,1,1,1,1,DesertBumpy;Rocks;Default;roadJungleWet;roadAdesert;roadForest;roadDesert,138,Unidentified,0,0,1,3,0,0,0,2,2,0,2,5,3,6,210.0,rubberduck,2.2
Uni7-GlassStairs,1,2,598,132,2,32,6,Uni6-Wild,sky/space_nebula_03_uni,roadMagicMirror;roadCrystal;roadAsphaltSpace;roadIce,pipeGlass;pipeGlassWhiteB;pipeGlassAlienBlue;pipeGlassCrystal2Pink;pipe_wall_crystal;pipeGlassCrystal2Cyan,road_wall_crystal;pipe_wall_crystal,1,1,139.1,sci-fi,1,1,1,1,1,DesertFast;DesertRocks;Rocks;roadDesert;Default;roadGravel;roadForestWet;Asphalt;roadSnowIce,197,Unidentified,0,1,3,2,3,4,4,5,3,0,2,18,6,6,568.0,CH,2.7
Vlc1-Dark,1,1,32,9,2,9,1,Uni6-Wild,sky/dusk_stormy_02_dark,roadSandDark,pipeAsphalt;pipeGlassCyan,,0,1,32.1,stunt,1,1,1,1,1,DesertFast;DesertBumpy;GrassJungle;Default;roadGravel;roadForestWet;Asphalt;roadSnowIce,65,Volcanic,0,0,1,1,0,0,0,3,2,0,1,1,1,2,48.5,"CryHam,rubberduck",1.4
Vlc10-MtSulphur,1,2,85,16,3,5,2,,sky/dawn_01_orange,roadJDark;roadStone;roadMud;River_LavaHot,pipeGlass,road_wall_JDark,1,1,52.2,stunt,1,1,1,1,1,GrassJungle;Rocks;Default;roadDesert;roadForest;roadGravel;DesertRocks,151,Volcanic,0,0,0,3,0,0,0,1,0,0,1,3,2,2,118.0,"Wuzzy,rubberduck",2.3
Vlc12-LavaPools,1,1,95,23,2,0,6,Vlc9-Craters,sky/dusk_stormy_02_red,roadJDarkDs;roadMud,pipeGlass,,0,1,53.8,stunt,1,1,1,1,1,DesertMud;Rocks;DesertBumpy;Default;roadJungle;roadGravel,173,VolcanicDark,0,0,1,1,2,0,0,2,3,0,0,2,3,4,79.0,CH,2.5
Vlc13-BorVolcano,1,1,304,78,2,37,3,Vlc2-Volcanic,sky/day_clouds_05_dust,roadNdirt;roadJDarkD;roadAsphalt,pipeAsphalt;pipeGlass,road_wall_JDark,1,1,88.8,stunt,1,1,1,1,1,DesertBumpy;Rocks;DesertRocks;Default;roadGravel;roadJungle;Asphalt,200,Volcanic,0,0,0,1,0,0,2,1,2,0,2,9,3,2,320.0,"EP,CryHam",2.7
Vlc2-Volcanic,1,1,116,48,2,2,1,,sky/day_clouds_08,roadNdirt;roadJDarkD,pipeAsphalt;pipeGlass,road_wall_JDark,0,0,35.8,mixed,1,1,1,1,1,DesertBumpy;Rocks;Default;roadGravel;DesertMud,87,Volcanic,0,0,2,2,1,0,0,1,0,0,1,6,3,3,193.0,CH,1.7
Vlc4-Spikeland,1,1,40,14,2,0,0,Grc8-SlopeCity,sky/day_clouds_05_dust,roadAdesertDark,pipeAsphalt;pipeGlass,road_wall_Red,0,1,31.7,stunt,1,1,1,1,1,DesertFast;DesertMud;Rocks;Default;roadAdesert;roadJungle;roadGravel,116,VolcanicDark,0,0,0,3,0,0,0,1,1,0,2,1,2,4,74.2,Wuzzy,2.1
Vlc5-Sad,1,1,71,24,2,15,9,,sky/sunset_03_rays,roadMudWet;roadMud;roadNdirtWet,pipeGlass;pipe_wall_Black,road_wall_Black;pipe_wall_Black,1,1,71.6,stunt,1,1,1,1,1,DesertFast;Rocks;Default;roadGravel,117,VolcanicDark,0,1,2,2,0,0,1,0,1,0,2,4,3,3,155.0,"Wuzzy,rubberduck",2.1
Vlc6-Crematoria,1,1,215,81,2,0,0,,sky/dawn_01_orange,roadJDarkD;roadSandDark;roadAdesert;roadMud,pipeAsphalt;pipeGlass,road_wall_Jungle,0,1,55.6,stunt,1,1,1,1,1,DesertFast;DesertBumpy;DesertRocks;Default;roadDesert,132,VolcanicDark,0,0,0,0,1,3,0,4,2,0,3,9,5,6,305.0,"CryHam,rubberduck",2.2
Vlc8-Uncertain,1,1,113,28,2,23,0,Mos2-Mouse,sky/dusk_stormy_01_brown,roadMud;roadStone,pipeGlass,road_wall_JDark,0,1,41.7,stunt,1,1,1,1,1,GrassForest;DesertMud;Rocks;Default;roadForest;roadJungle;roadGravel,145,Volcanic,1,0,0,3,0,0,0,1,2,0,1,6,3,3,216.0,"Wuzzy,rubberduck",2.3
Vlc9-Craters,1,1,49,13,2,14,0,,sky/dusk_stormy_02_red,roadJDarkDs,pipeGlass,,0,1,26.6,stunt,1,1,1,1,1,DesertMud;Rocks;Default;roadGravel,150,VolcanicDark,0,0,0,3,1,0,0,2,2,0,1,2,2,5,95.0,"CryHam,rubberduck",2.3
Wnt1-Cross,1,1,50,20,2,1,0,X3-Cloud,sky/day_clouds_08,roadSnowWhite;roadSnowWet,pipeGlass,,0,0,24.6,mixed,1,1,1,1,1,SnowDeep;SnowMedium;Rocks;Default;roadSnow;roadJungle;roadDesert,14,Winter,0,0,0,0,0,0,0,0,0,0,0,2,2,2,66.0,"CryHam,rubberduck",0.8
Wnt1-CrossLoop,1,1,69,24,2,0,1,X3-Cloud,sky/dawn_01,roadSnow;roadIce;roadSnowGrn,pipeGlassCyan;pipe_wall_Winter,road_wall_Winter;pipe_wall_Winter,1,1,51.2,stunt,1,1,1,1,1,SnowDeep;SnowMedium;Default;roadSnow;roadDesert,14,Winter,0,0,1,3,1,1,1,1,2,0,2,2,4,2,95.0,"CryHam,rubberduck",2.8
Wnt10-Whirl,1,1,50,17,2,30,0,TestC4-ow,sky/day_clouds_05_bright2,roadSnowWhite;roadSnowWet,pipeGlass;pipe_wall_Winter,road_wall_Winter;pipe_wall_Winter,0,1,35.6,stunt,1,1,1,1,1,SnowDeep;Default;roadSnow;roadForest,81,Winter,0,0,0,0,0,0,0,2,2,0,0,2,1,3,70.0,CH,1.6
Wnt11-Glacier,1,1,70,27,2,51,3,,sky/day_clouds_08,roadSnowGrn;roadSnow;roadMud;roadIce,pipeGlass;pipe_wall_Winter,road_wall_Winter;pipe_wall_Winter,0,0,37.4,mixed,1,1,1,1,1,SnowWet;SnowDeep;Default;roadSnow;GrassJungle;Rocks;SnowMedium,112,WinterWet,1,0,1,2,1,0,0,1,0,0,0,5,2,5,139.7,CH,2.0
Wnt12-Peaks,1,1,25,10,2,5,0,,sky/evening_01_red,roadIce;roadSnow;roadStone,pipeAsphalt;pipeGlassCyan;pipe_wall_JDark,road_wall_Winter;pipe_wall_JDark,0,1,25.2,stunt,1,1,1,1,1,Rocks;SnowMedium;Default;roadForestWet,115,Winter,0,0,0,0,0,0,0,3,2,0,1,1,2,3,37.6,"Wuzzy,CryHam",2.1
Wnt13-MtFog,1,1,61,20,2,0,0,,sky/day_clouds_05_bright2,roadSnow;roadSnowWhite;roadSnowWet,pipeAsphalt;pipeGlassCyan,road_wall_Winter,0,1,29.6,stunt,1,1,1,1,1,SnowDeep;SnowMedium;Rocks;Default;roadSnow,119,Winter,0,0,0,2,0,0,0,1,3,0,1,2,4,2,90.6,Wuzzy,2.1
Wnt14-DangerRoad,1,2,157,15,2,24,0,,sky/dusk_stormy_01_cyan,roadSavannah;roadNgravel,pipeGlassViolet;pipeGlassWhiteB;pipeGlassYellow;pipeGlassRed;pipe_wall_Ice,pipe_wall_Ice,1,1,47.5,stunt,1,1,1,1,1,SnowDeep;Default;roadGravel,139,Winter,0,0,0,0,0,0,1,3,3,0,2,2,5,2,91.0,rubberduck,2.2
Wnt15-SkiJump,1,1,51,14,2,7,0,,sky/day_clouds_06_bright,roadSnow;roadIce;roadSnowWhite,pipeGlass;pipe_wall_JDark,road_wall_Winter;pipe_wall_JDark,0,1,27.9,stunt,1,1,1,1,1,SnowMedium;SnowDeep;Default;roadSnow,147,Winter,1,0,0,1,2,0,0,0,1,0,0,3,3,2,97.0,Wuzzy,2.3
Wnt16-IcyRiver,1,1,77,26,2,6,2,W14-DangerRoad,sky/day_clouds_08,roadSnow;roadSnowGrn;roadIce;roadAsphalt,pipeGlass;pipeGlassCyan,road_wall_Winter,0,1,43.7,stunt,1,1,1,1,1,SnowDeep;SnowWet;Rocks;Default;roadSnow;roadForestWet;roadSnowIce;AsphaltWet;SnowMedium,169,WinterWet,0,0,2,1,0,0,0,1,3,0,0,4,3,4,152.0,CH,2.5
Wnt17-FrozenGarden,1,1,124,39,2,73,1,W14-DangerRoad,sky/day_clouds_05_bright2,roadSnowWhite;roadSnowGrn;roadIce;roadAsphalt,pipeGlass;pipeGlassCyan,,0,1,51.1,stunt,1,1,1,1,1,SnowDeep;Default;roadSnow;roadForestWet;roadSnowIce;AsphaltWet,176,Winter,0,0,1,3,1,0,0,4,4,0,2,4,4,4,186.0,rubberduck,2.5
Wnt18-MountPen,1,1,264,57,2,7,3,,sky/day_clouds_05_bright,roadSnowGrn;roadSnow;roadIce,pipeGlassCyan;pipeGlass;pipe_wall_Winter,road_wall_Winter;pipe_wall_Winter,1,1,73.0,stunt,1,1,1,1,1,SnowWet;Rocks;SnowMedium;Default;roadForestWet;roadSnow;roadSnowIce;SnowDeep,194,WinterWet,0,0,2,1,0,0,2,2,3,0,2,6,3,4,270.0,"EP,CryHam",2.7
Wnt19-Downhill,1,2,368,77,3,112,6,,sky/dawn_02_cloudy,roadSnow;roadIce;roadAsphalt;roadIceBlue;River_Ice_bright;River_Ice_blue;River_blue,pipeGlassBlueD;pipeGlassCyan;pipeGlassBlue;pipeGlassWhiteB;pipe_wall_Ice;pipeGlass,road_wall_Winter;pipe_wall_Ice,1,1,106.3,stunt,1,1,1,1,1,GrassJungle;Rocks;SnowDeep;roadSnowIce;Default;roadDesert,243,Winter,1,2,1,2,1,2,1,3,2,0,1,17,4,4,506.0,rubberduck,3.1
Wnt2-Wet,1,1,57,21,2,32,3,X3-Cloud,sky/day_clouds_06_bright,roadSnowGrn;roadMossWet;roadSnowWet,pipeGlass,,0,0,36.8,mixed,1,1,1,1,1,SnowWet;SnowDeep;Default;roadSnow;roadJungle;roadDesert,15,WinterWet,2,0,1,1,0,0,0,1,0,0,0,3,2,3,73.6,CH,0.8
Wnt20-FirstSnow,1,1,83,25,2,58,2,,sky/cloudy_04_blue,roadNdirtWet;roadMudWet;roadSnowGrn;roadSnowWet,pipeGlassBlue;pipeGlassGreen;pipe_wall_Winter,pipe_wall_Winter,0,1,43.1,stunt,1,1,1,1,1,SnowWet;SnowMedium;Default;roadForest;roadForestWet;roadSnow,246,WinterWet,2,0,1,1,0,0,0,2,2,0,3,2,3,5,78.0,CH,3.3
Wnt4-IceSlip,1,1,20,3,2,0,0,Uni6-Wild,sky/day_clouds_02,roadIce,pipeGlass,,0,1,26.0,stunt,1,1,1,1,1,roadSnowIce;SnowMedium;SnowDeep;Default;roadGravel;roadForest,31,Winter,0,0,0,0,0,0,0,0,2,0,0,1,3,2,33.5,CH,0.9
Wnt5-Circles,1,1,65,22,2,5,1,Uni6-Wild,sky/day_clouds_02,roadSnow;roadSnowWhite,pipeGlass,,0,1,37.3,stunt,1,1,1,1,1,SnowMedium;Default;roadSnow;roadGravel;roadForest,32,Winter,0,0,0,0,0,0,0,2,2,0,0,3,2,1,90.8,CH,0.9
Wnt6-SnowyEights,1,1,73,21,2,61,0,X3-Cloud,sky/sunset_01,roadSnow;roadSnowWhite,pipeGlass,,0,1,39.1,stunt,1,1,1,1,1,SnowMedium;SnowWet;Default;roadSnow;roadJungle;roadDesert,38,Winter,3,0,0,0,0,0,0,1,2,0,0,4,2,2,127.8,CH,1.1
Wnt7-LJs-Mntn,1,1,35,12,2,3,2,X3-Cloud,sky/dawn_01,roadSnow,pipeGlass,,0,1,35.6,stunt,1,1,1,1,1,SnowDeep;Rocks;SnowMedium;Default;roadSnow;roadJungle;roadDesert,43,Winter,1,0,1,0,0,0,0,1,2,0,0,2,2,3,48.0,"CryHam,rubberduck",1.1
Wnt8-PipeCross,1,1,50,18,2,0,0,,sky/cloudy_04_white,roadSnowGrn,pipeGlassBlue;pipeGlassGreen;pipe_wall_Winter,pipe_wall_Winter,1,1,40.4,stunt,1,1,1,1,1,SnowWet;SnowMedium;Default;roadSnow;roadDesert,46,WinterWet,0,0,0,0,0,0,2,1,2,0,0,2,2,3,55.7,CH,1.1
Wnt9-IceFrenzy,1,1,89,26,3,0,1,TestC4-ow,sky/dusk_stormy_01_blue,roadIce;roadIceBlue;roadSnowWhite;roadIceBlueTransp,pipeGlass,road_wall_Winter,0,1,44.9,stunt,1,1,1,1,1,SnowDeep;Default;roadSnow,71,Winter,0,0,1,0,0,0,0,3,2,0,2,4,3,4,109.4,CH,1.4
